group,coverage,prob
HET-SNV,0,1.000000e-08
HET-SNV,1,1.000000e-08
HET-SNV,2,1.000000e-08
HET-SNV,3,6.594829e-08
HET-SNV,4,2.004368e-06
HET-SNV,5,6.091534e-05
HET-SNV,6,1.848096e-03
HET-SNV,7,5.327536e-02
HET-SNV,8,6.310400e-01
HET-SNV,9,9.687412e-01
HET-SNV,10,9.712785e-01
HET-SNV,11,9.736154e-01
HET-SNV,12,9.757669e-01
HET-SNV,13,9.777470e-01
HET-SNV,14,9.795686e-01
HET-SNV,15,9.812440e-01
HET-SNV,16,9.827845e-01
HET-SNV,17,9.842004e-01
HET-SNV,18,9.855017e-01
HET-SNV,19,9.866972e-01
HET-SNV,20,9.877953e-01
HET-SNV,21,9.888038e-01
HET-SNV,22,9.897299e-01
HET-SNV,23,9.905801e-01
HET-SNV,24,9.913605e-01
HET-SNV,25,9.920767e-01
HET-SNV,26,9.927341e-01
HET-SNV,27,9.933372e-01
HET-SNV,28,9.938906e-01
HET-SNV,29,9.943983e-01
HET-SNV,30,9.948641e-01
HET-SNV,31,1
HET-SNV,32,1
HET-SNV,33,1
HET-SNV,34,1
HET-SNV,35,1
HET-SNV,36,1
HET-SNV,37,1
HET-SNV,38,1
HET-SNV,39,1
HET-SNV,40,1
HET-SNV,41,1
HET-SNV,42,1
HET-SNV,43,1
HET-SNV,44,1
HET-SNV,45,1
HET-SNV,46,1
HET-SNV,47,1
HET-SNV,48,1
HET-SNV,49,1
HET-SNV,50,1
HET-SNV,51,1
HET-SNV,52,1
HET-SNV,53,1
HET-SNV,54,1
HET-SNV,55,1
HET-SNV,56,1
HET-SNV,57,1
HET-SNV,58,1
HET-SNV,59,1
HET-SNV,60,1
HET-SNV,61,1
HET-SNV,62,1
HET-SNV,63,1
HET-SNV,64,1
HET-SNV,65,1
HET-SNV,66,1
HET-SNV,67,1
HET-SNV,68,1
HET-SNV,69,1
HET-SNV,70,1
HET-SNV,71,1
HET-SNV,72,1
HET-SNV,73,1
HET-SNV,74,1
HET-SNV,75,1
HET-SNV,76,1
HET-SNV,77,1
HET-SNV,78,1
HET-SNV,79,1
HET-SNV,80,1
HET-SNV,81,1
HET-SNV,82,1
HET-SNV,83,1
HET-SNV,84,1
HET-SNV,85,1
HET-SNV,86,1
HET-SNV,87,1
HET-SNV,88,1
HET-SNV,89,1
HET-SNV,90,1
HET-SNV,91,1
HET-SNV,92,1
HET-SNV,93,1
HET-SNV,94,1
HET-SNV,95,1
HET-SNV,96,1
HET-SNV,97,1
HET-SNV,98,1
HET-SNV,99,1
HET-SNV,100,1
HET-SNV,101,1
HET-SNV,102,1
HET-SNV,103,1
HET-SNV,104,1
HET-SNV,105,1
HET-SNV,106,1
HET-SNV,107,1
HET-SNV,108,1
HET-SNV,109,1
HET-SNV,110,1
HET-SNV,111,1
HET-SNV,112,1
HET-SNV,113,1
HET-SNV,114,1
HET-SNV,115,1
HET-SNV,116,1
HET-SNV,117,1
HET-SNV,118,1
HET-SNV,119,1
HET-SNV,120,1
HET-SNV,121,1
HET-SNV,122,1
HET-SNV,123,1
HET-SNV,124,1
HET-SNV,125,1
HET-SNV,126,1
HET-SNV,127,1
HET-SNV,128,1
HET-SNV,129,1
HET-SNV,130,1
HET-SNV,131,1
HET-SNV,132,1
HET-SNV,133,1
HET-SNV,134,1
HET-SNV,135,1
HET-SNV,136,1
HET-SNV,137,1
HET-SNV,138,1
HET-SNV,139,1
HET-SNV,140,1
HET-SNV,141,1
HET-SNV,142,1
HET-SNV,143,1
HET-SNV,144,1
HET-SNV,145,1
HET-SNV,146,1
HET-SNV,147,1
HET-SNV,148,1
HET-SNV,149,1
HET-SNV,150,1
HET-SNV,151,1
HET-SNV,152,1
HET-SNV,153,1
HET-SNV,154,1
HET-SNV,155,1
HET-SNV,156,1
HET-SNV,157,1
HET-SNV,158,1
HET-SNV,159,1
HET-SNV,160,1
HET-SNV,161,1
HET-SNV,162,1
HET-SNV,163,1
HET-SNV,164,1
HET-SNV,165,1
HET-SNV,166,1
HET-SNV,167,1
HET-SNV,168,1
HET-SNV,169,1
HET-SNV,170,1
HET-SNV,171,1
HET-SNV,172,1
HET-SNV,173,1
HET-SNV,174,1
HET-SNV,175,1
HET-SNV,176,1
HET-SNV,177,1
HET-SNV,178,1
HET-SNV,179,1
HET-SNV,180,1
HET-SNV,181,1
HET-SNV,182,1
HET-SNV,183,1
HET-SNV,184,1
HET-SNV,185,1
HET-SNV,186,1
HET-SNV,187,1
HET-SNV,188,1
HET-SNV,189,1
HET-SNV,190,1
HET-SNV,191,1
HET-SNV,192,1
HET-SNV,193,1
HET-SNV,194,1
HET-SNV,195,1
HET-SNV,196,1
HET-SNV,197,1
HET-SNV,198,1
HET-SNV,199,1
HET-SNV,200,1
HET-SNV,201,1
HET-SNV,202,1
HET-SNV,203,1
HET-SNV,204,1
HET-SNV,205,1
HET-SNV,206,1
HET-SNV,207,1
HET-SNV,208,1
HET-SNV,209,1
HET-SNV,210,1
HET-SNV,211,1
HET-SNV,212,1
HET-SNV,213,1
HET-SNV,214,1
HET-SNV,215,1
HET-SNV,216,1
HET-SNV,217,1
HET-SNV,218,1
HET-SNV,219,1
HET-SNV,220,1
HET-SNV,221,1
HET-SNV,222,1
HET-SNV,223,1
HET-SNV,224,1
HET-SNV,225,1
HET-SNV,226,1
HET-SNV,227,1
HET-SNV,228,1
HET-SNV,229,1
HET-SNV,230,1
HET-SNV,231,1
HET-SNV,232,1
HET-SNV,233,1
HET-SNV,234,1
HET-SNV,235,1
HET-SNV,236,1
HET-SNV,237,1
HET-SNV,238,1
HET-SNV,239,1
HET-SNV,240,1
HET-SNV,241,1
HET-SNV,242,1
HET-SNV,243,1
HET-SNV,244,1
HET-SNV,245,1
HET-SNV,246,1
HET-SNV,247,1
HET-SNV,248,1
HET-SNV,249,1
HET-SNV,250,1
HET-SNV,251,1
HET-SNV,252,1
HET-SNV,253,1
HET-SNV,254,1
HET-SNV,255,1
HET-SNV,256,1
HET-SNV,257,1
HET-SNV,258,1
HET-SNV,259,1
HET-SNV,260,1
HET-SNV,261,1
HET-SNV,262,1
HET-SNV,263,1
HET-SNV,264,1
HET-SNV,265,1
HET-SNV,266,1
HET-SNV,267,1
HET-SNV,268,1
HET-SNV,269,1
HET-SNV,270,1
HET-SNV,271,1
HET-SNV,272,1
HET-SNV,273,1
HET-SNV,274,1
HET-SNV,275,1
HET-SNV,276,1
HET-SNV,277,1
HET-SNV,278,1
HET-SNV,279,1
HET-SNV,280,1
HET-SNV,281,1
HET-SNV,282,1
HET-SNV,283,1
HET-SNV,284,1
HET-SNV,285,1
HET-SNV,286,1
HET-SNV,287,1
HET-SNV,288,1
HET-SNV,289,1
HET-SNV,290,1
HET-SNV,291,1
HET-SNV,292,1
HET-SNV,293,1
HET-SNV,294,1
HET-SNV,295,1
HET-SNV,296,1
HET-SNV,297,1
HET-SNV,298,1
HET-SNV,299,1
HET-SNV,300,1
HET-SNV,301,1
HET-SNV,302,1
HET-SNV,303,1
HET-SNV,304,1
HET-SNV,305,1
HET-SNV,306,1
HET-SNV,307,1
HET-SNV,308,1
HET-SNV,309,1
HET-SNV,310,1
HET-SNV,311,1
HET-SNV,312,1
HET-SNV,313,1
HET-SNV,314,1
HET-SNV,315,1
HET-SNV,316,1
HET-SNV,317,1
HET-SNV,318,1
HET-SNV,319,1
HET-SNV,320,1
HET-SNV,321,1
HET-SNV,322,1
HET-SNV,323,1
HET-SNV,324,1
HET-SNV,325,1
HET-SNV,326,1
HET-SNV,327,1
HET-SNV,328,1
HET-SNV,329,1
HET-SNV,330,1
HET-SNV,331,1
HET-SNV,332,1
HET-SNV,333,1
HET-SNV,334,1
HET-SNV,335,1
HET-SNV,336,1
HET-SNV,337,1
HET-SNV,338,1
HET-SNV,339,1
HET-SNV,340,1
HET-SNV,341,1
HET-SNV,342,1
HET-SNV,343,1
HET-SNV,344,1
HET-SNV,345,1
HET-SNV,346,1
HET-SNV,347,1
HET-SNV,348,1
HET-SNV,349,1
HET-SNV,350,1
HET-SNV,351,1
HET-SNV,352,1
HET-SNV,353,1
HET-SNV,354,1
HET-SNV,355,1
HET-SNV,356,1
HET-SNV,357,1
HET-SNV,358,1
HET-SNV,359,1
HET-SNV,360,1
HET-SNV,361,1
HET-SNV,362,1
HET-SNV,363,1
HET-SNV,364,1
HET-SNV,365,1
HET-SNV,366,1
HET-SNV,367,1
HET-SNV,368,1
HET-SNV,369,1
HET-SNV,370,1
HET-SNV,371,1
HET-SNV,372,1
HET-SNV,373,1
HET-SNV,374,1
HET-SNV,375,1
HET-SNV,376,1
HET-SNV,377,1
HET-SNV,378,1
HET-SNV,379,1
HET-SNV,380,1
HET-SNV,381,1
HET-SNV,382,1
HET-SNV,383,1
HET-SNV,384,1
HET-SNV,385,1
HET-SNV,386,1
HET-SNV,387,1
HET-SNV,388,1
HET-SNV,389,1
HET-SNV,390,1
HET-SNV,391,1
HET-SNV,392,1
HET-SNV,393,1
HET-SNV,394,1
HET-SNV,395,1
HET-SNV,396,1
HET-SNV,397,1
HET-SNV,398,1
HET-SNV,399,1
HET-SNV,400,1
HET-SNV,401,1
HET-SNV,402,1
HET-SNV,403,1
HET-SNV,404,1
HET-SNV,405,1
HET-SNV,406,1
HET-SNV,407,1
HET-SNV,408,1
HET-SNV,409,1
HET-SNV,410,1
HET-SNV,411,1
HET-SNV,412,1
HET-SNV,413,1
HET-SNV,414,1
HET-SNV,415,1
HET-SNV,416,1
HET-SNV,417,1
HET-SNV,418,1
HET-SNV,419,1
HET-SNV,420,1
HET-SNV,421,1
HET-SNV,422,1
HET-SNV,423,1
HET-SNV,424,1
HET-SNV,425,1
HET-SNV,426,1
HET-SNV,427,1
HET-SNV,428,1
HET-SNV,429,1
HET-SNV,430,1
HET-SNV,431,1
HET-SNV,432,1
HET-SNV,433,1
HET-SNV,434,1
HET-SNV,435,1
HET-SNV,436,1
HET-SNV,437,1
HET-SNV,438,1
HET-SNV,439,1
HET-SNV,440,1
HET-SNV,441,1
HET-SNV,442,1
HET-SNV,443,1
HET-SNV,444,1
HET-SNV,445,1
HET-SNV,446,1
HET-SNV,447,1
HET-SNV,448,1
HET-SNV,449,1
HET-SNV,450,1
HET-SNV,451,1
HET-SNV,452,1
HET-SNV,453,1
HET-SNV,454,1
HET-SNV,455,1
HET-SNV,456,1
HET-SNV,457,1
HET-SNV,458,1
HET-SNV,459,1
HET-SNV,460,1
HET-SNV,461,1
HET-SNV,462,1
HET-SNV,463,1
HET-SNV,464,1
HET-SNV,465,1
HET-SNV,466,1
HET-SNV,467,1
HET-SNV,468,1
HET-SNV,469,1
HET-SNV,470,1
HET-SNV,471,1
HET-SNV,472,1
HET-SNV,473,1
HET-SNV,474,1
HET-SNV,475,1
HET-SNV,476,1
HET-SNV,477,1
HET-SNV,478,1
HET-SNV,479,1
HET-SNV,480,1
HET-SNV,481,1
HET-SNV,482,1
HET-SNV,483,1
HET-SNV,484,1
HET-SNV,485,1
HET-SNV,486,1
HET-SNV,487,1
HET-SNV,488,1
HET-SNV,489,1
HET-SNV,490,1
HET-SNV,491,1
HET-SNV,492,1
HET-SNV,493,1
HET-SNV,494,1
HET-SNV,495,1
HET-SNV,496,1
HET-SNV,497,1
HET-SNV,498,1
HET-SNV,499,1
HET-SNV,500,1
HET-SNV,501,1
HET-SNV,502,1
HET-SNV,503,1
HET-SNV,504,1
HET-SNV,505,1
HET-SNV,506,1
HET-SNV,507,1
HET-SNV,508,1
HET-SNV,509,1
HET-SNV,510,1
HET-SNV,511,1
HET-SNV,512,1
HET-SNV,513,1
HET-SNV,514,1
HET-SNV,515,1
HET-SNV,516,1
HET-SNV,517,1
HET-SNV,518,1
HET-SNV,519,1
HET-SNV,520,1
HET-SNV,521,1
HET-SNV,522,1
HET-SNV,523,1
HET-SNV,524,1
HET-SNV,525,1
HET-SNV,526,1
HET-SNV,527,1
HET-SNV,528,1
HET-SNV,529,1
HET-SNV,530,1
HET-SNV,531,1
HET-SNV,532,1
HET-SNV,533,1
HET-SNV,534,1
HET-SNV,535,1
HET-SNV,536,1
HET-SNV,537,1
HET-SNV,538,1
HET-SNV,539,1
HET-SNV,540,1
HET-SNV,541,1
HET-SNV,542,1
HET-SNV,543,1
HET-SNV,544,1
HET-SNV,545,1
HET-SNV,546,1
HET-SNV,547,1
HET-SNV,548,1
HET-SNV,549,1
HET-SNV,550,1
HET-SNV,551,1
HET-SNV,552,1
HET-SNV,553,1
HET-SNV,554,1
HET-SNV,555,1
HET-SNV,556,1
HET-SNV,557,1
HET-SNV,558,1
HET-SNV,559,1
HET-SNV,560,1
HET-SNV,561,1
HET-SNV,562,1
HET-SNV,563,1
HET-SNV,564,1
HET-SNV,565,1
HET-SNV,566,1
HET-SNV,567,1
HET-SNV,568,1
HET-SNV,569,1
HET-SNV,570,1
HET-SNV,571,1
HET-SNV,572,1
HET-SNV,573,1
HET-SNV,574,1
HET-SNV,575,1
HET-SNV,576,1
HET-SNV,577,1
HET-SNV,578,1
HET-SNV,579,1
HET-SNV,580,1
HET-SNV,581,1
HET-SNV,582,1
HET-SNV,583,1
HET-SNV,584,1
HET-SNV,585,1
HET-SNV,586,1
HET-SNV,587,1
HET-SNV,588,1
HET-SNV,589,1
HET-SNV,590,1
HET-SNV,591,1
HET-SNV,592,1
HET-SNV,593,1
HET-SNV,594,1
HET-SNV,595,1
HET-SNV,596,1
HET-SNV,597,1
HET-SNV,598,1
HET-SNV,599,1
HET-SNV,600,1
HET-SNV,601,1
HET-SNV,602,1
HET-SNV,603,1
HET-SNV,604,1
HET-SNV,605,1
HET-SNV,606,1
HET-SNV,607,1
HET-SNV,608,1
HET-SNV,609,1
HET-SNV,610,1
HET-SNV,611,1
HET-SNV,612,1
HET-SNV,613,1
HET-SNV,614,1
HET-SNV,615,1
HET-SNV,616,1
HET-SNV,617,1
HET-SNV,618,1
HET-SNV,619,1
HET-SNV,620,1
HET-SNV,621,1
HET-SNV,622,1
HET-SNV,623,1
HET-SNV,624,1
HET-SNV,625,1
HET-SNV,626,1
HET-SNV,627,1
HET-SNV,628,1
HET-SNV,629,1
HET-SNV,630,1
HET-SNV,631,1
HET-SNV,632,1
HET-SNV,633,1
HET-SNV,634,1
HET-SNV,635,1
HET-SNV,636,1
HET-SNV,637,1
HET-SNV,638,1
HET-SNV,639,1
HET-SNV,640,1
HET-SNV,641,1
HET-SNV,642,1
HET-SNV,643,1
HET-SNV,644,1
HET-SNV,645,1
HET-SNV,646,1
HET-SNV,647,1
HET-SNV,648,1
HET-SNV,649,1
HET-SNV,650,1
HET-SNV,651,1
HET-SNV,652,1
HET-SNV,653,1
HET-SNV,654,1
HET-SNV,655,1
HET-SNV,656,1
HET-SNV,657,1
HET-SNV,658,1
HET-SNV,659,1
HET-SNV,660,1
HET-SNV,661,1
HET-SNV,662,1
HET-SNV,663,1
HET-SNV,664,1
HET-SNV,665,1
HET-SNV,666,1
HET-SNV,667,1
HET-SNV,668,1
HET-SNV,669,1
HET-SNV,670,1
HET-SNV,671,1
HET-SNV,672,1
HET-SNV,673,1
HET-SNV,674,1
HET-SNV,675,1
HET-SNV,676,1
HET-SNV,677,1
HET-SNV,678,1
HET-SNV,679,1
HET-SNV,680,1
HET-SNV,681,1
HET-SNV,682,1
HET-SNV,683,1
HET-SNV,684,1
HET-SNV,685,1
HET-SNV,686,1
HET-SNV,687,1
HET-SNV,688,1
HET-SNV,689,1
HET-SNV,690,1
HET-SNV,691,1
HET-SNV,692,1
HET-SNV,693,1
HET-SNV,694,1
HET-SNV,695,1
HET-SNV,696,1
HET-SNV,697,1
HET-SNV,698,1
HET-SNV,699,1
HET-SNV,700,1
HET-SNV,701,1
HET-SNV,702,1
HET-SNV,703,1
HET-SNV,704,1
HET-SNV,705,1
HET-SNV,706,1
HET-SNV,707,1
HET-SNV,708,1
HET-SNV,709,1
HET-SNV,710,1
HET-SNV,711,1
HET-SNV,712,1
HET-SNV,713,1
HET-SNV,714,1
HET-SNV,715,1
HET-SNV,716,1
HET-SNV,717,1
HET-SNV,718,1
HET-SNV,719,1
HET-SNV,720,1
HET-SNV,721,1
HET-SNV,722,1
HET-SNV,723,1
HET-SNV,724,1
HET-SNV,725,1
HET-SNV,726,1
HET-SNV,727,1
HET-SNV,728,1
HET-SNV,729,1
HET-SNV,730,1
HET-SNV,731,1
HET-SNV,732,1
HET-SNV,733,1
HET-SNV,734,1
HET-SNV,735,1
HET-SNV,736,1
HET-SNV,737,1
HET-SNV,738,1
HET-SNV,739,1
HET-SNV,740,1
HET-SNV,741,1
HET-SNV,742,1
HET-SNV,743,1
HET-SNV,744,1
HET-SNV,745,1
HET-SNV,746,1
HET-SNV,747,1
HET-SNV,748,1
HET-SNV,749,1
HET-SNV,750,1
HET-SNV,751,1
HET-SNV,752,1
HET-SNV,753,1
HET-SNV,754,1
HET-SNV,755,1
HET-SNV,756,1
HET-SNV,757,1
HET-SNV,758,1
HET-SNV,759,1
HET-SNV,760,1
HET-SNV,761,1
HET-SNV,762,1
HET-SNV,763,1
HET-SNV,764,1
HET-SNV,765,1
HET-SNV,766,1
HET-SNV,767,1
HET-SNV,768,1
HET-SNV,769,1
HET-SNV,770,1
HET-SNV,771,1
HET-SNV,772,1
HET-SNV,773,1
HET-SNV,774,1
HET-SNV,775,1
HET-SNV,776,1
HET-SNV,777,1
HET-SNV,778,1
HET-SNV,779,1
HET-SNV,780,1
HET-SNV,781,1
HET-SNV,782,1
HET-SNV,783,1
HET-SNV,784,1
HET-SNV,785,1
HET-SNV,786,1
HET-SNV,787,1
HET-SNV,788,1
HET-SNV,789,1
HET-SNV,790,1
HET-SNV,791,1
HET-SNV,792,1
HET-SNV,793,1
HET-SNV,794,1
HET-SNV,795,1
HET-SNV,796,1
HET-SNV,797,1
HET-SNV,798,1
HET-SNV,799,1
HET-SNV,800,1
HET-SNV,801,1
HET-SNV,802,1
HET-SNV,803,1
HET-SNV,804,1
HET-SNV,805,1
HET-SNV,806,1
HET-SNV,807,1
HET-SNV,808,1
HET-SNV,809,1
HET-SNV,810,1
HET-SNV,811,1
HET-SNV,812,1
HET-SNV,813,1
HET-SNV,814,1
HET-SNV,815,1
HET-SNV,816,1
HET-SNV,817,1
HET-SNV,818,1
HET-SNV,819,1
HET-SNV,820,1
HET-SNV,821,1
HET-SNV,822,1
HET-SNV,823,1
HET-SNV,824,1
HET-SNV,825,1
HET-SNV,826,1
HET-SNV,827,1
HET-SNV,828,1
HET-SNV,829,1
HET-SNV,830,1
HET-SNV,831,1
HET-SNV,832,1
HET-SNV,833,1
HET-SNV,834,1
HET-SNV,835,1
HET-SNV,836,1
HET-SNV,837,1
HET-SNV,838,1
HET-SNV,839,1
HET-SNV,840,1
HET-SNV,841,1
HET-SNV,842,1
HET-SNV,843,1
HET-SNV,844,1
HET-SNV,845,1
HET-SNV,846,1
HET-SNV,847,1
HET-SNV,848,1
HET-SNV,849,1
HET-SNV,850,1
HET-SNV,851,1
HET-SNV,852,1
HET-SNV,853,1
HET-SNV,854,1
HET-SNV,855,1
HET-SNV,856,1
HET-SNV,857,1
HET-SNV,858,1
HET-SNV,859,1
HET-SNV,860,1
HET-SNV,861,1
HET-SNV,862,1
HET-SNV,863,1
HET-SNV,864,1
HET-SNV,865,1
HET-SNV,866,1
HET-SNV,867,1
HET-SNV,868,1
HET-SNV,869,1
HET-SNV,870,1
HET-SNV,871,1
HET-SNV,872,1
HET-SNV,873,1
HET-SNV,874,1
HET-SNV,875,1
HET-SNV,876,1
HET-SNV,877,1
HET-SNV,878,1
HET-SNV,879,1
HET-SNV,880,1
HET-SNV,881,1
HET-SNV,882,1
HET-SNV,883,1
HET-SNV,884,1
HET-SNV,885,1
HET-SNV,886,1
HET-SNV,887,1
HET-SNV,888,1
HET-SNV,889,1
HET-SNV,890,1
HET-SNV,891,1
HET-SNV,892,1
HET-SNV,893,1
HET-SNV,894,1
HET-SNV,895,1
HET-SNV,896,1
HET-SNV,897,1
HET-SNV,898,1
HET-SNV,899,1
HET-SNV,900,1
HET-SNV,901,1
HET-SNV,902,1
HET-SNV,903,1
HET-SNV,904,1
HET-SNV,905,1
HET-SNV,906,1
HET-SNV,907,1
HET-SNV,908,1
HET-SNV,909,1
HET-SNV,910,1
HET-SNV,911,1
HET-SNV,912,1
HET-SNV,913,1
HET-SNV,914,1
HET-SNV,915,1
HET-SNV,916,1
HET-SNV,917,1
HET-SNV,918,1
HET-SNV,919,1
HET-SNV,920,1
HET-SNV,921,1
HET-SNV,922,1
HET-SNV,923,1
HET-SNV,924,1
HET-SNV,925,1
HET-SNV,926,1
HET-SNV,927,1
HET-SNV,928,1
HET-SNV,929,1
HET-SNV,930,1
HET-SNV,931,1
HET-SNV,932,1
HET-SNV,933,1
HET-SNV,934,1
HET-SNV,935,1
HET-SNV,936,1
HET-SNV,937,1
HET-SNV,938,1
HET-SNV,939,1
HET-SNV,940,1
HET-SNV,941,1
HET-SNV,942,1
HET-SNV,943,1
HET-SNV,944,1
HET-SNV,945,1
HET-SNV,946,1
HET-SNV,947,1
HET-SNV,948,1
HET-SNV,949,1
HET-SNV,950,1
HET-SNV,951,1
HET-SNV,952,1
HET-SNV,953,1
HET-SNV,954,1
HET-SNV,955,1
HET-SNV,956,1
HET-SNV,957,1
HET-SNV,958,1
HET-SNV,959,1
HET-SNV,960,1
HET-SNV,961,1
HET-SNV,962,1
HET-SNV,963,1
HET-SNV,964,1
HET-SNV,965,1
HET-SNV,966,1
HET-SNV,967,1
HET-SNV,968,1
HET-SNV,969,1
HET-SNV,970,1
HET-SNV,971,1
HET-SNV,972,1
HET-SNV,973,1
HET-SNV,974,1
HET-SNV,975,1
HET-SNV,976,1
HET-SNV,977,1
HET-SNV,978,1
HET-SNV,979,1
HET-SNV,980,1
HET-SNV,981,1
HET-SNV,982,1
HET-SNV,983,1
HET-SNV,984,1
HET-SNV,985,1
HET-SNV,986,1
HET-SNV,987,1
HET-SNV,988,1
HET-SNV,989,1
HET-SNV,990,1
HET-SNV,991,1
HET-SNV,992,1
HET-SNV,993,1
HET-SNV,994,1
HET-SNV,995,1
HET-SNV,996,1
HET-SNV,997,1
HET-SNV,998,1
HET-SNV,999,1
HET-INDEL:1-5bp,0,1.000000e-08
HET-INDEL:1-5bp,1,1.000000e-08
HET-INDEL:1-5bp,2,1.000000e-08
HET-INDEL:1-5bp,3,1.000000e-08
HET-INDEL:1-5bp,4,1.000000e-08
HET-INDEL:1-5bp,5,3.536651e-07
HET-INDEL:1-5bp,6,7.028303e-05
HET-INDEL:1-5bp,7,1.377669e-02
HET-INDEL:1-5bp,8,7.947811e-01
HET-INDEL:1-5bp,9,8.307113e-01
HET-INDEL:1-5bp,10,8.614474e-01
HET-INDEL:1-5bp,11,8.873597e-01
HET-INDEL:1-5bp,12,9.089381e-01
HET-INDEL:1-5bp,13,9.267242e-01
HET-INDEL:1-5bp,14,9.412608e-01
HET-INDEL:1-5bp,15,9.530596e-01
HET-INDEL:1-5bp,16,9.625827e-01
HET-INDEL:1-5bp,17,9.702341e-01
HET-INDEL:1-5bp,18,9.763593e-01
HET-INDEL:1-5bp,19,9.812484e-01
HET-INDEL:1-5bp,20,9.851418e-01
HET-INDEL:1-5bp,21,9.882365e-01
HET-INDEL:1-5bp,22,9.906927e-01
HET-INDEL:1-5bp,23,9.926399e-01
HET-INDEL:1-5bp,24,9.941821e-01
HET-INDEL:1-5bp,25,9.954027e-01
HET-INDEL:1-5bp,26,9.963681e-01
HET-INDEL:1-5bp,27,9.971314e-01
HET-INDEL:1-5bp,28,9.977346e-01
HET-INDEL:1-5bp,29,9.982112e-01
HET-INDEL:1-5bp,30,9.985877e-01
HET-INDEL:1-5bp,31,1
HET-INDEL:1-5bp,32,1
HET-INDEL:1-5bp,33,1
HET-INDEL:1-5bp,34,1
HET-INDEL:1-5bp,35,1
HET-INDEL:1-5bp,36,1
HET-INDEL:1-5bp,37,1
HET-INDEL:1-5bp,38,1
HET-INDEL:1-5bp,39,1
HET-INDEL:1-5bp,40,1
HET-INDEL:1-5bp,41,1
HET-INDEL:1-5bp,42,1
HET-INDEL:1-5bp,43,1
HET-INDEL:1-5bp,44,1
HET-INDEL:1-5bp,45,1
HET-INDEL:1-5bp,46,1
HET-INDEL:1-5bp,47,1
HET-INDEL:1-5bp,48,1
HET-INDEL:1-5bp,49,1
HET-INDEL:1-5bp,50,1
HET-INDEL:1-5bp,51,1
HET-INDEL:1-5bp,52,1
HET-INDEL:1-5bp,53,1
HET-INDEL:1-5bp,54,1
HET-INDEL:1-5bp,55,1
HET-INDEL:1-5bp,56,1
HET-INDEL:1-5bp,57,1
HET-INDEL:1-5bp,58,1
HET-INDEL:1-5bp,59,1
HET-INDEL:1-5bp,60,1
HET-INDEL:1-5bp,61,1
HET-INDEL:1-5bp,62,1
HET-INDEL:1-5bp,63,1
HET-INDEL:1-5bp,64,1
HET-INDEL:1-5bp,65,1
HET-INDEL:1-5bp,66,1
HET-INDEL:1-5bp,67,1
HET-INDEL:1-5bp,68,1
HET-INDEL:1-5bp,69,1
HET-INDEL:1-5bp,70,1
HET-INDEL:1-5bp,71,1
HET-INDEL:1-5bp,72,1
HET-INDEL:1-5bp,73,1
HET-INDEL:1-5bp,74,1
HET-INDEL:1-5bp,75,1
HET-INDEL:1-5bp,76,1
HET-INDEL:1-5bp,77,1
HET-INDEL:1-5bp,78,1
HET-INDEL:1-5bp,79,1
HET-INDEL:1-5bp,80,1
HET-INDEL:1-5bp,81,1
HET-INDEL:1-5bp,82,1
HET-INDEL:1-5bp,83,1
HET-INDEL:1-5bp,84,1
HET-INDEL:1-5bp,85,1
HET-INDEL:1-5bp,86,1
HET-INDEL:1-5bp,87,1
HET-INDEL:1-5bp,88,1
HET-INDEL:1-5bp,89,1
HET-INDEL:1-5bp,90,1
HET-INDEL:1-5bp,91,1
HET-INDEL:1-5bp,92,1
HET-INDEL:1-5bp,93,1
HET-INDEL:1-5bp,94,1
HET-INDEL:1-5bp,95,1
HET-INDEL:1-5bp,96,1
HET-INDEL:1-5bp,97,1
HET-INDEL:1-5bp,98,1
HET-INDEL:1-5bp,99,1
HET-INDEL:1-5bp,100,1
HET-INDEL:1-5bp,101,1
HET-INDEL:1-5bp,102,1
HET-INDEL:1-5bp,103,1
HET-INDEL:1-5bp,104,1
HET-INDEL:1-5bp,105,1
HET-INDEL:1-5bp,106,1
HET-INDEL:1-5bp,107,1
HET-INDEL:1-5bp,108,1
HET-INDEL:1-5bp,109,1
HET-INDEL:1-5bp,110,1
HET-INDEL:1-5bp,111,1
HET-INDEL:1-5bp,112,1
HET-INDEL:1-5bp,113,1
HET-INDEL:1-5bp,114,1
HET-INDEL:1-5bp,115,1
HET-INDEL:1-5bp,116,1
HET-INDEL:1-5bp,117,1
HET-INDEL:1-5bp,118,1
HET-INDEL:1-5bp,119,1
HET-INDEL:1-5bp,120,1
HET-INDEL:1-5bp,121,1
HET-INDEL:1-5bp,122,1
HET-INDEL:1-5bp,123,1
HET-INDEL:1-5bp,124,1
HET-INDEL:1-5bp,125,1
HET-INDEL:1-5bp,126,1
HET-INDEL:1-5bp,127,1
HET-INDEL:1-5bp,128,1
HET-INDEL:1-5bp,129,1
HET-INDEL:1-5bp,130,1
HET-INDEL:1-5bp,131,1
HET-INDEL:1-5bp,132,1
HET-INDEL:1-5bp,133,1
HET-INDEL:1-5bp,134,1
HET-INDEL:1-5bp,135,1
HET-INDEL:1-5bp,136,1
HET-INDEL:1-5bp,137,1
HET-INDEL:1-5bp,138,1
HET-INDEL:1-5bp,139,1
HET-INDEL:1-5bp,140,1
HET-INDEL:1-5bp,141,1
HET-INDEL:1-5bp,142,1
HET-INDEL:1-5bp,143,1
HET-INDEL:1-5bp,144,1
HET-INDEL:1-5bp,145,1
HET-INDEL:1-5bp,146,1
HET-INDEL:1-5bp,147,1
HET-INDEL:1-5bp,148,1
HET-INDEL:1-5bp,149,1
HET-INDEL:1-5bp,150,1
HET-INDEL:1-5bp,151,1
HET-INDEL:1-5bp,152,1
HET-INDEL:1-5bp,153,1
HET-INDEL:1-5bp,154,1
HET-INDEL:1-5bp,155,1
HET-INDEL:1-5bp,156,1
HET-INDEL:1-5bp,157,1
HET-INDEL:1-5bp,158,1
HET-INDEL:1-5bp,159,1
HET-INDEL:1-5bp,160,1
HET-INDEL:1-5bp,161,1
HET-INDEL:1-5bp,162,1
HET-INDEL:1-5bp,163,1
HET-INDEL:1-5bp,164,1
HET-INDEL:1-5bp,165,1
HET-INDEL:1-5bp,166,1
HET-INDEL:1-5bp,167,1
HET-INDEL:1-5bp,168,1
HET-INDEL:1-5bp,169,1
HET-INDEL:1-5bp,170,1
HET-INDEL:1-5bp,171,1
HET-INDEL:1-5bp,172,1
HET-INDEL:1-5bp,173,1
HET-INDEL:1-5bp,174,1
HET-INDEL:1-5bp,175,1
HET-INDEL:1-5bp,176,1
HET-INDEL:1-5bp,177,1
HET-INDEL:1-5bp,178,1
HET-INDEL:1-5bp,179,1
HET-INDEL:1-5bp,180,1
HET-INDEL:1-5bp,181,1
HET-INDEL:1-5bp,182,1
HET-INDEL:1-5bp,183,1
HET-INDEL:1-5bp,184,1
HET-INDEL:1-5bp,185,1
HET-INDEL:1-5bp,186,1
HET-INDEL:1-5bp,187,1
HET-INDEL:1-5bp,188,1
HET-INDEL:1-5bp,189,1
HET-INDEL:1-5bp,190,1
HET-INDEL:1-5bp,191,1
HET-INDEL:1-5bp,192,1
HET-INDEL:1-5bp,193,1
HET-INDEL:1-5bp,194,1
HET-INDEL:1-5bp,195,1
HET-INDEL:1-5bp,196,1
HET-INDEL:1-5bp,197,1
HET-INDEL:1-5bp,198,1
HET-INDEL:1-5bp,199,1
HET-INDEL:1-5bp,200,1
HET-INDEL:1-5bp,201,1
HET-INDEL:1-5bp,202,1
HET-INDEL:1-5bp,203,1
HET-INDEL:1-5bp,204,1
HET-INDEL:1-5bp,205,1
HET-INDEL:1-5bp,206,1
HET-INDEL:1-5bp,207,1
HET-INDEL:1-5bp,208,1
HET-INDEL:1-5bp,209,1
HET-INDEL:1-5bp,210,1
HET-INDEL:1-5bp,211,1
HET-INDEL:1-5bp,212,1
HET-INDEL:1-5bp,213,1
HET-INDEL:1-5bp,214,1
HET-INDEL:1-5bp,215,1
HET-INDEL:1-5bp,216,1
HET-INDEL:1-5bp,217,1
HET-INDEL:1-5bp,218,1
HET-INDEL:1-5bp,219,1
HET-INDEL:1-5bp,220,1
HET-INDEL:1-5bp,221,1
HET-INDEL:1-5bp,222,1
HET-INDEL:1-5bp,223,1
HET-INDEL:1-5bp,224,1
HET-INDEL:1-5bp,225,1
HET-INDEL:1-5bp,226,1
HET-INDEL:1-5bp,227,1
HET-INDEL:1-5bp,228,1
HET-INDEL:1-5bp,229,1
HET-INDEL:1-5bp,230,1
HET-INDEL:1-5bp,231,1
HET-INDEL:1-5bp,232,1
HET-INDEL:1-5bp,233,1
HET-INDEL:1-5bp,234,1
HET-INDEL:1-5bp,235,1
HET-INDEL:1-5bp,236,1
HET-INDEL:1-5bp,237,1
HET-INDEL:1-5bp,238,1
HET-INDEL:1-5bp,239,1
HET-INDEL:1-5bp,240,1
HET-INDEL:1-5bp,241,1
HET-INDEL:1-5bp,242,1
HET-INDEL:1-5bp,243,1
HET-INDEL:1-5bp,244,1
HET-INDEL:1-5bp,245,1
HET-INDEL:1-5bp,246,1
HET-INDEL:1-5bp,247,1
HET-INDEL:1-5bp,248,1
HET-INDEL:1-5bp,249,1
HET-INDEL:1-5bp,250,1
HET-INDEL:1-5bp,251,1
HET-INDEL:1-5bp,252,1
HET-INDEL:1-5bp,253,1
HET-INDEL:1-5bp,254,1
HET-INDEL:1-5bp,255,1
HET-INDEL:1-5bp,256,1
HET-INDEL:1-5bp,257,1
HET-INDEL:1-5bp,258,1
HET-INDEL:1-5bp,259,1
HET-INDEL:1-5bp,260,1
HET-INDEL:1-5bp,261,1
HET-INDEL:1-5bp,262,1
HET-INDEL:1-5bp,263,1
HET-INDEL:1-5bp,264,1
HET-INDEL:1-5bp,265,1
HET-INDEL:1-5bp,266,1
HET-INDEL:1-5bp,267,1
HET-INDEL:1-5bp,268,1
HET-INDEL:1-5bp,269,1
HET-INDEL:1-5bp,270,1
HET-INDEL:1-5bp,271,1
HET-INDEL:1-5bp,272,1
HET-INDEL:1-5bp,273,1
HET-INDEL:1-5bp,274,1
HET-INDEL:1-5bp,275,1
HET-INDEL:1-5bp,276,1
HET-INDEL:1-5bp,277,1
HET-INDEL:1-5bp,278,1
HET-INDEL:1-5bp,279,1
HET-INDEL:1-5bp,280,1
HET-INDEL:1-5bp,281,1
HET-INDEL:1-5bp,282,1
HET-INDEL:1-5bp,283,1
HET-INDEL:1-5bp,284,1
HET-INDEL:1-5bp,285,1
HET-INDEL:1-5bp,286,1
HET-INDEL:1-5bp,287,1
HET-INDEL:1-5bp,288,1
HET-INDEL:1-5bp,289,1
HET-INDEL:1-5bp,290,1
HET-INDEL:1-5bp,291,1
HET-INDEL:1-5bp,292,1
HET-INDEL:1-5bp,293,1
HET-INDEL:1-5bp,294,1
HET-INDEL:1-5bp,295,1
HET-INDEL:1-5bp,296,1
HET-INDEL:1-5bp,297,1
HET-INDEL:1-5bp,298,1
HET-INDEL:1-5bp,299,1
HET-INDEL:1-5bp,300,1
HET-INDEL:1-5bp,301,1
HET-INDEL:1-5bp,302,1
HET-INDEL:1-5bp,303,1
HET-INDEL:1-5bp,304,1
HET-INDEL:1-5bp,305,1
HET-INDEL:1-5bp,306,1
HET-INDEL:1-5bp,307,1
HET-INDEL:1-5bp,308,1
HET-INDEL:1-5bp,309,1
HET-INDEL:1-5bp,310,1
HET-INDEL:1-5bp,311,1
HET-INDEL:1-5bp,312,1
HET-INDEL:1-5bp,313,1
HET-INDEL:1-5bp,314,1
HET-INDEL:1-5bp,315,1
HET-INDEL:1-5bp,316,1
HET-INDEL:1-5bp,317,1
HET-INDEL:1-5bp,318,1
HET-INDEL:1-5bp,319,1
HET-INDEL:1-5bp,320,1
HET-INDEL:1-5bp,321,1
HET-INDEL:1-5bp,322,1
HET-INDEL:1-5bp,323,1
HET-INDEL:1-5bp,324,1
HET-INDEL:1-5bp,325,1
HET-INDEL:1-5bp,326,1
HET-INDEL:1-5bp,327,1
HET-INDEL:1-5bp,328,1
HET-INDEL:1-5bp,329,1
HET-INDEL:1-5bp,330,1
HET-INDEL:1-5bp,331,1
HET-INDEL:1-5bp,332,1
HET-INDEL:1-5bp,333,1
HET-INDEL:1-5bp,334,1
HET-INDEL:1-5bp,335,1
HET-INDEL:1-5bp,336,1
HET-INDEL:1-5bp,337,1
HET-INDEL:1-5bp,338,1
HET-INDEL:1-5bp,339,1
HET-INDEL:1-5bp,340,1
HET-INDEL:1-5bp,341,1
HET-INDEL:1-5bp,342,1
HET-INDEL:1-5bp,343,1
HET-INDEL:1-5bp,344,1
HET-INDEL:1-5bp,345,1
HET-INDEL:1-5bp,346,1
HET-INDEL:1-5bp,347,1
HET-INDEL:1-5bp,348,1
HET-INDEL:1-5bp,349,1
HET-INDEL:1-5bp,350,1
HET-INDEL:1-5bp,351,1
HET-INDEL:1-5bp,352,1
HET-INDEL:1-5bp,353,1
HET-INDEL:1-5bp,354,1
HET-INDEL:1-5bp,355,1
HET-INDEL:1-5bp,356,1
HET-INDEL:1-5bp,357,1
HET-INDEL:1-5bp,358,1
HET-INDEL:1-5bp,359,1
HET-INDEL:1-5bp,360,1
HET-INDEL:1-5bp,361,1
HET-INDEL:1-5bp,362,1
HET-INDEL:1-5bp,363,1
HET-INDEL:1-5bp,364,1
HET-INDEL:1-5bp,365,1
HET-INDEL:1-5bp,366,1
HET-INDEL:1-5bp,367,1
HET-INDEL:1-5bp,368,1
HET-INDEL:1-5bp,369,1
HET-INDEL:1-5bp,370,1
HET-INDEL:1-5bp,371,1
HET-INDEL:1-5bp,372,1
HET-INDEL:1-5bp,373,1
HET-INDEL:1-5bp,374,1
HET-INDEL:1-5bp,375,1
HET-INDEL:1-5bp,376,1
HET-INDEL:1-5bp,377,1
HET-INDEL:1-5bp,378,1
HET-INDEL:1-5bp,379,1
HET-INDEL:1-5bp,380,1
HET-INDEL:1-5bp,381,1
HET-INDEL:1-5bp,382,1
HET-INDEL:1-5bp,383,1
HET-INDEL:1-5bp,384,1
HET-INDEL:1-5bp,385,1
HET-INDEL:1-5bp,386,1
HET-INDEL:1-5bp,387,1
HET-INDEL:1-5bp,388,1
HET-INDEL:1-5bp,389,1
HET-INDEL:1-5bp,390,1
HET-INDEL:1-5bp,391,1
HET-INDEL:1-5bp,392,1
HET-INDEL:1-5bp,393,1
HET-INDEL:1-5bp,394,1
HET-INDEL:1-5bp,395,1
HET-INDEL:1-5bp,396,1
HET-INDEL:1-5bp,397,1
HET-INDEL:1-5bp,398,1
HET-INDEL:1-5bp,399,1
HET-INDEL:1-5bp,400,1
HET-INDEL:1-5bp,401,1
HET-INDEL:1-5bp,402,1
HET-INDEL:1-5bp,403,1
HET-INDEL:1-5bp,404,1
HET-INDEL:1-5bp,405,1
HET-INDEL:1-5bp,406,1
HET-INDEL:1-5bp,407,1
HET-INDEL:1-5bp,408,1
HET-INDEL:1-5bp,409,1
HET-INDEL:1-5bp,410,1
HET-INDEL:1-5bp,411,1
HET-INDEL:1-5bp,412,1
HET-INDEL:1-5bp,413,1
HET-INDEL:1-5bp,414,1
HET-INDEL:1-5bp,415,1
HET-INDEL:1-5bp,416,1
HET-INDEL:1-5bp,417,1
HET-INDEL:1-5bp,418,1
HET-INDEL:1-5bp,419,1
HET-INDEL:1-5bp,420,1
HET-INDEL:1-5bp,421,1
HET-INDEL:1-5bp,422,1
HET-INDEL:1-5bp,423,1
HET-INDEL:1-5bp,424,1
HET-INDEL:1-5bp,425,1
HET-INDEL:1-5bp,426,1
HET-INDEL:1-5bp,427,1
HET-INDEL:1-5bp,428,1
HET-INDEL:1-5bp,429,1
HET-INDEL:1-5bp,430,1
HET-INDEL:1-5bp,431,1
HET-INDEL:1-5bp,432,1
HET-INDEL:1-5bp,433,1
HET-INDEL:1-5bp,434,1
HET-INDEL:1-5bp,435,1
HET-INDEL:1-5bp,436,1
HET-INDEL:1-5bp,437,1
HET-INDEL:1-5bp,438,1
HET-INDEL:1-5bp,439,1
HET-INDEL:1-5bp,440,1
HET-INDEL:1-5bp,441,1
HET-INDEL:1-5bp,442,1
HET-INDEL:1-5bp,443,1
HET-INDEL:1-5bp,444,1
HET-INDEL:1-5bp,445,1
HET-INDEL:1-5bp,446,1
HET-INDEL:1-5bp,447,1
HET-INDEL:1-5bp,448,1
HET-INDEL:1-5bp,449,1
HET-INDEL:1-5bp,450,1
HET-INDEL:1-5bp,451,1
HET-INDEL:1-5bp,452,1
HET-INDEL:1-5bp,453,1
HET-INDEL:1-5bp,454,1
HET-INDEL:1-5bp,455,1
HET-INDEL:1-5bp,456,1
HET-INDEL:1-5bp,457,1
HET-INDEL:1-5bp,458,1
HET-INDEL:1-5bp,459,1
HET-INDEL:1-5bp,460,1
HET-INDEL:1-5bp,461,1
HET-INDEL:1-5bp,462,1
HET-INDEL:1-5bp,463,1
HET-INDEL:1-5bp,464,1
HET-INDEL:1-5bp,465,1
HET-INDEL:1-5bp,466,1
HET-INDEL:1-5bp,467,1
HET-INDEL:1-5bp,468,1
HET-INDEL:1-5bp,469,1
HET-INDEL:1-5bp,470,1
HET-INDEL:1-5bp,471,1
HET-INDEL:1-5bp,472,1
HET-INDEL:1-5bp,473,1
HET-INDEL:1-5bp,474,1
HET-INDEL:1-5bp,475,1
HET-INDEL:1-5bp,476,1
HET-INDEL:1-5bp,477,1
HET-INDEL:1-5bp,478,1
HET-INDEL:1-5bp,479,1
HET-INDEL:1-5bp,480,1
HET-INDEL:1-5bp,481,1
HET-INDEL:1-5bp,482,1
HET-INDEL:1-5bp,483,1
HET-INDEL:1-5bp,484,1
HET-INDEL:1-5bp,485,1
HET-INDEL:1-5bp,486,1
HET-INDEL:1-5bp,487,1
HET-INDEL:1-5bp,488,1
HET-INDEL:1-5bp,489,1
HET-INDEL:1-5bp,490,1
HET-INDEL:1-5bp,491,1
HET-INDEL:1-5bp,492,1
HET-INDEL:1-5bp,493,1
HET-INDEL:1-5bp,494,1
HET-INDEL:1-5bp,495,1
HET-INDEL:1-5bp,496,1
HET-INDEL:1-5bp,497,1
HET-INDEL:1-5bp,498,1
HET-INDEL:1-5bp,499,1
HET-INDEL:1-5bp,500,1
HET-INDEL:1-5bp,501,1
HET-INDEL:1-5bp,502,1
HET-INDEL:1-5bp,503,1
HET-INDEL:1-5bp,504,1
HET-INDEL:1-5bp,505,1
HET-INDEL:1-5bp,506,1
HET-INDEL:1-5bp,507,1
HET-INDEL:1-5bp,508,1
HET-INDEL:1-5bp,509,1
HET-INDEL:1-5bp,510,1
HET-INDEL:1-5bp,511,1
HET-INDEL:1-5bp,512,1
HET-INDEL:1-5bp,513,1
HET-INDEL:1-5bp,514,1
HET-INDEL:1-5bp,515,1
HET-INDEL:1-5bp,516,1
HET-INDEL:1-5bp,517,1
HET-INDEL:1-5bp,518,1
HET-INDEL:1-5bp,519,1
HET-INDEL:1-5bp,520,1
HET-INDEL:1-5bp,521,1
HET-INDEL:1-5bp,522,1
HET-INDEL:1-5bp,523,1
HET-INDEL:1-5bp,524,1
HET-INDEL:1-5bp,525,1
HET-INDEL:1-5bp,526,1
HET-INDEL:1-5bp,527,1
HET-INDEL:1-5bp,528,1
HET-INDEL:1-5bp,529,1
HET-INDEL:1-5bp,530,1
HET-INDEL:1-5bp,531,1
HET-INDEL:1-5bp,532,1
HET-INDEL:1-5bp,533,1
HET-INDEL:1-5bp,534,1
HET-INDEL:1-5bp,535,1
HET-INDEL:1-5bp,536,1
HET-INDEL:1-5bp,537,1
HET-INDEL:1-5bp,538,1
HET-INDEL:1-5bp,539,1
HET-INDEL:1-5bp,540,1
HET-INDEL:1-5bp,541,1
HET-INDEL:1-5bp,542,1
HET-INDEL:1-5bp,543,1
HET-INDEL:1-5bp,544,1
HET-INDEL:1-5bp,545,1
HET-INDEL:1-5bp,546,1
HET-INDEL:1-5bp,547,1
HET-INDEL:1-5bp,548,1
HET-INDEL:1-5bp,549,1
HET-INDEL:1-5bp,550,1
HET-INDEL:1-5bp,551,1
HET-INDEL:1-5bp,552,1
HET-INDEL:1-5bp,553,1
HET-INDEL:1-5bp,554,1
HET-INDEL:1-5bp,555,1
HET-INDEL:1-5bp,556,1
HET-INDEL:1-5bp,557,1
HET-INDEL:1-5bp,558,1
HET-INDEL:1-5bp,559,1
HET-INDEL:1-5bp,560,1
HET-INDEL:1-5bp,561,1
HET-INDEL:1-5bp,562,1
HET-INDEL:1-5bp,563,1
HET-INDEL:1-5bp,564,1
HET-INDEL:1-5bp,565,1
HET-INDEL:1-5bp,566,1
HET-INDEL:1-5bp,567,1
HET-INDEL:1-5bp,568,1
HET-INDEL:1-5bp,569,1
HET-INDEL:1-5bp,570,1
HET-INDEL:1-5bp,571,1
HET-INDEL:1-5bp,572,1
HET-INDEL:1-5bp,573,1
HET-INDEL:1-5bp,574,1
HET-INDEL:1-5bp,575,1
HET-INDEL:1-5bp,576,1
HET-INDEL:1-5bp,577,1
HET-INDEL:1-5bp,578,1
HET-INDEL:1-5bp,579,1
HET-INDEL:1-5bp,580,1
HET-INDEL:1-5bp,581,1
HET-INDEL:1-5bp,582,1
HET-INDEL:1-5bp,583,1
HET-INDEL:1-5bp,584,1
HET-INDEL:1-5bp,585,1
HET-INDEL:1-5bp,586,1
HET-INDEL:1-5bp,587,1
HET-INDEL:1-5bp,588,1
HET-INDEL:1-5bp,589,1
HET-INDEL:1-5bp,590,1
HET-INDEL:1-5bp,591,1
HET-INDEL:1-5bp,592,1
HET-INDEL:1-5bp,593,1
HET-INDEL:1-5bp,594,1
HET-INDEL:1-5bp,595,1
HET-INDEL:1-5bp,596,1
HET-INDEL:1-5bp,597,1
HET-INDEL:1-5bp,598,1
HET-INDEL:1-5bp,599,1
HET-INDEL:1-5bp,600,1
HET-INDEL:1-5bp,601,1
HET-INDEL:1-5bp,602,1
HET-INDEL:1-5bp,603,1
HET-INDEL:1-5bp,604,1
HET-INDEL:1-5bp,605,1
HET-INDEL:1-5bp,606,1
HET-INDEL:1-5bp,607,1
HET-INDEL:1-5bp,608,1
HET-INDEL:1-5bp,609,1
HET-INDEL:1-5bp,610,1
HET-INDEL:1-5bp,611,1
HET-INDEL:1-5bp,612,1
HET-INDEL:1-5bp,613,1
HET-INDEL:1-5bp,614,1
HET-INDEL:1-5bp,615,1
HET-INDEL:1-5bp,616,1
HET-INDEL:1-5bp,617,1
HET-INDEL:1-5bp,618,1
HET-INDEL:1-5bp,619,1
HET-INDEL:1-5bp,620,1
HET-INDEL:1-5bp,621,1
HET-INDEL:1-5bp,622,1
HET-INDEL:1-5bp,623,1
HET-INDEL:1-5bp,624,1
HET-INDEL:1-5bp,625,1
HET-INDEL:1-5bp,626,1
HET-INDEL:1-5bp,627,1
HET-INDEL:1-5bp,628,1
HET-INDEL:1-5bp,629,1
HET-INDEL:1-5bp,630,1
HET-INDEL:1-5bp,631,1
HET-INDEL:1-5bp,632,1
HET-INDEL:1-5bp,633,1
HET-INDEL:1-5bp,634,1
HET-INDEL:1-5bp,635,1
HET-INDEL:1-5bp,636,1
HET-INDEL:1-5bp,637,1
HET-INDEL:1-5bp,638,1
HET-INDEL:1-5bp,639,1
HET-INDEL:1-5bp,640,1
HET-INDEL:1-5bp,641,1
HET-INDEL:1-5bp,642,1
HET-INDEL:1-5bp,643,1
HET-INDEL:1-5bp,644,1
HET-INDEL:1-5bp,645,1
HET-INDEL:1-5bp,646,1
HET-INDEL:1-5bp,647,1
HET-INDEL:1-5bp,648,1
HET-INDEL:1-5bp,649,1
HET-INDEL:1-5bp,650,1
HET-INDEL:1-5bp,651,1
HET-INDEL:1-5bp,652,1
HET-INDEL:1-5bp,653,1
HET-INDEL:1-5bp,654,1
HET-INDEL:1-5bp,655,1
HET-INDEL:1-5bp,656,1
HET-INDEL:1-5bp,657,1
HET-INDEL:1-5bp,658,1
HET-INDEL:1-5bp,659,1
HET-INDEL:1-5bp,660,1
HET-INDEL:1-5bp,661,1
HET-INDEL:1-5bp,662,1
HET-INDEL:1-5bp,663,1
HET-INDEL:1-5bp,664,1
HET-INDEL:1-5bp,665,1
HET-INDEL:1-5bp,666,1
HET-INDEL:1-5bp,667,1
HET-INDEL:1-5bp,668,1
HET-INDEL:1-5bp,669,1
HET-INDEL:1-5bp,670,1
HET-INDEL:1-5bp,671,1
HET-INDEL:1-5bp,672,1
HET-INDEL:1-5bp,673,1
HET-INDEL:1-5bp,674,1
HET-INDEL:1-5bp,675,1
HET-INDEL:1-5bp,676,1
HET-INDEL:1-5bp,677,1
HET-INDEL:1-5bp,678,1
HET-INDEL:1-5bp,679,1
HET-INDEL:1-5bp,680,1
HET-INDEL:1-5bp,681,1
HET-INDEL:1-5bp,682,1
HET-INDEL:1-5bp,683,1
HET-INDEL:1-5bp,684,1
HET-INDEL:1-5bp,685,1
HET-INDEL:1-5bp,686,1
HET-INDEL:1-5bp,687,1
HET-INDEL:1-5bp,688,1
HET-INDEL:1-5bp,689,1
HET-INDEL:1-5bp,690,1
HET-INDEL:1-5bp,691,1
HET-INDEL:1-5bp,692,1
HET-INDEL:1-5bp,693,1
HET-INDEL:1-5bp,694,1
HET-INDEL:1-5bp,695,1
HET-INDEL:1-5bp,696,1
HET-INDEL:1-5bp,697,1
HET-INDEL:1-5bp,698,1
HET-INDEL:1-5bp,699,1
HET-INDEL:1-5bp,700,1
HET-INDEL:1-5bp,701,1
HET-INDEL:1-5bp,702,1
HET-INDEL:1-5bp,703,1
HET-INDEL:1-5bp,704,1
HET-INDEL:1-5bp,705,1
HET-INDEL:1-5bp,706,1
HET-INDEL:1-5bp,707,1
HET-INDEL:1-5bp,708,1
HET-INDEL:1-5bp,709,1
HET-INDEL:1-5bp,710,1
HET-INDEL:1-5bp,711,1
HET-INDEL:1-5bp,712,1
HET-INDEL:1-5bp,713,1
HET-INDEL:1-5bp,714,1
HET-INDEL:1-5bp,715,1
HET-INDEL:1-5bp,716,1
HET-INDEL:1-5bp,717,1
HET-INDEL:1-5bp,718,1
HET-INDEL:1-5bp,719,1
HET-INDEL:1-5bp,720,1
HET-INDEL:1-5bp,721,1
HET-INDEL:1-5bp,722,1
HET-INDEL:1-5bp,723,1
HET-INDEL:1-5bp,724,1
HET-INDEL:1-5bp,725,1
HET-INDEL:1-5bp,726,1
HET-INDEL:1-5bp,727,1
HET-INDEL:1-5bp,728,1
HET-INDEL:1-5bp,729,1
HET-INDEL:1-5bp,730,1
HET-INDEL:1-5bp,731,1
HET-INDEL:1-5bp,732,1
HET-INDEL:1-5bp,733,1
HET-INDEL:1-5bp,734,1
HET-INDEL:1-5bp,735,1
HET-INDEL:1-5bp,736,1
HET-INDEL:1-5bp,737,1
HET-INDEL:1-5bp,738,1
HET-INDEL:1-5bp,739,1
HET-INDEL:1-5bp,740,1
HET-INDEL:1-5bp,741,1
HET-INDEL:1-5bp,742,1
HET-INDEL:1-5bp,743,1
HET-INDEL:1-5bp,744,1
HET-INDEL:1-5bp,745,1
HET-INDEL:1-5bp,746,1
HET-INDEL:1-5bp,747,1
HET-INDEL:1-5bp,748,1
HET-INDEL:1-5bp,749,1
HET-INDEL:1-5bp,750,1
HET-INDEL:1-5bp,751,1
HET-INDEL:1-5bp,752,1
HET-INDEL:1-5bp,753,1
HET-INDEL:1-5bp,754,1
HET-INDEL:1-5bp,755,1
HET-INDEL:1-5bp,756,1
HET-INDEL:1-5bp,757,1
HET-INDEL:1-5bp,758,1
HET-INDEL:1-5bp,759,1
HET-INDEL:1-5bp,760,1
HET-INDEL:1-5bp,761,1
HET-INDEL:1-5bp,762,1
HET-INDEL:1-5bp,763,1
HET-INDEL:1-5bp,764,1
HET-INDEL:1-5bp,765,1
HET-INDEL:1-5bp,766,1
HET-INDEL:1-5bp,767,1
HET-INDEL:1-5bp,768,1
HET-INDEL:1-5bp,769,1
HET-INDEL:1-5bp,770,1
HET-INDEL:1-5bp,771,1
HET-INDEL:1-5bp,772,1
HET-INDEL:1-5bp,773,1
HET-INDEL:1-5bp,774,1
HET-INDEL:1-5bp,775,1
HET-INDEL:1-5bp,776,1
HET-INDEL:1-5bp,777,1
HET-INDEL:1-5bp,778,1
HET-INDEL:1-5bp,779,1
HET-INDEL:1-5bp,780,1
HET-INDEL:1-5bp,781,1
HET-INDEL:1-5bp,782,1
HET-INDEL:1-5bp,783,1
HET-INDEL:1-5bp,784,1
HET-INDEL:1-5bp,785,1
HET-INDEL:1-5bp,786,1
HET-INDEL:1-5bp,787,1
HET-INDEL:1-5bp,788,1
HET-INDEL:1-5bp,789,1
HET-INDEL:1-5bp,790,1
HET-INDEL:1-5bp,791,1
HET-INDEL:1-5bp,792,1
HET-INDEL:1-5bp,793,1
HET-INDEL:1-5bp,794,1
HET-INDEL:1-5bp,795,1
HET-INDEL:1-5bp,796,1
HET-INDEL:1-5bp,797,1
HET-INDEL:1-5bp,798,1
HET-INDEL:1-5bp,799,1
HET-INDEL:1-5bp,800,1
HET-INDEL:1-5bp,801,1
HET-INDEL:1-5bp,802,1
HET-INDEL:1-5bp,803,1
HET-INDEL:1-5bp,804,1
HET-INDEL:1-5bp,805,1
HET-INDEL:1-5bp,806,1
HET-INDEL:1-5bp,807,1
HET-INDEL:1-5bp,808,1
HET-INDEL:1-5bp,809,1
HET-INDEL:1-5bp,810,1
HET-INDEL:1-5bp,811,1
HET-INDEL:1-5bp,812,1
HET-INDEL:1-5bp,813,1
HET-INDEL:1-5bp,814,1
HET-INDEL:1-5bp,815,1
HET-INDEL:1-5bp,816,1
HET-INDEL:1-5bp,817,1
HET-INDEL:1-5bp,818,1
HET-INDEL:1-5bp,819,1
HET-INDEL:1-5bp,820,1
HET-INDEL:1-5bp,821,1
HET-INDEL:1-5bp,822,1
HET-INDEL:1-5bp,823,1
HET-INDEL:1-5bp,824,1
HET-INDEL:1-5bp,825,1
HET-INDEL:1-5bp,826,1
HET-INDEL:1-5bp,827,1
HET-INDEL:1-5bp,828,1
HET-INDEL:1-5bp,829,1
HET-INDEL:1-5bp,830,1
HET-INDEL:1-5bp,831,1
HET-INDEL:1-5bp,832,1
HET-INDEL:1-5bp,833,1
HET-INDEL:1-5bp,834,1
HET-INDEL:1-5bp,835,1
HET-INDEL:1-5bp,836,1
HET-INDEL:1-5bp,837,1
HET-INDEL:1-5bp,838,1
HET-INDEL:1-5bp,839,1
HET-INDEL:1-5bp,840,1
HET-INDEL:1-5bp,841,1
HET-INDEL:1-5bp,842,1
HET-INDEL:1-5bp,843,1
HET-INDEL:1-5bp,844,1
HET-INDEL:1-5bp,845,1
HET-INDEL:1-5bp,846,1
HET-INDEL:1-5bp,847,1
HET-INDEL:1-5bp,848,1
HET-INDEL:1-5bp,849,1
HET-INDEL:1-5bp,850,1
HET-INDEL:1-5bp,851,1
HET-INDEL:1-5bp,852,1
HET-INDEL:1-5bp,853,1
HET-INDEL:1-5bp,854,1
HET-INDEL:1-5bp,855,1
HET-INDEL:1-5bp,856,1
HET-INDEL:1-5bp,857,1
HET-INDEL:1-5bp,858,1
HET-INDEL:1-5bp,859,1
HET-INDEL:1-5bp,860,1
HET-INDEL:1-5bp,861,1
HET-INDEL:1-5bp,862,1
HET-INDEL:1-5bp,863,1
HET-INDEL:1-5bp,864,1
HET-INDEL:1-5bp,865,1
HET-INDEL:1-5bp,866,1
HET-INDEL:1-5bp,867,1
HET-INDEL:1-5bp,868,1
HET-INDEL:1-5bp,869,1
HET-INDEL:1-5bp,870,1
HET-INDEL:1-5bp,871,1
HET-INDEL:1-5bp,872,1
HET-INDEL:1-5bp,873,1
HET-INDEL:1-5bp,874,1
HET-INDEL:1-5bp,875,1
HET-INDEL:1-5bp,876,1
HET-INDEL:1-5bp,877,1
HET-INDEL:1-5bp,878,1
HET-INDEL:1-5bp,879,1
HET-INDEL:1-5bp,880,1
HET-INDEL:1-5bp,881,1
HET-INDEL:1-5bp,882,1
HET-INDEL:1-5bp,883,1
HET-INDEL:1-5bp,884,1
HET-INDEL:1-5bp,885,1
HET-INDEL:1-5bp,886,1
HET-INDEL:1-5bp,887,1
HET-INDEL:1-5bp,888,1
HET-INDEL:1-5bp,889,1
HET-INDEL:1-5bp,890,1
HET-INDEL:1-5bp,891,1
HET-INDEL:1-5bp,892,1
HET-INDEL:1-5bp,893,1
HET-INDEL:1-5bp,894,1
HET-INDEL:1-5bp,895,1
HET-INDEL:1-5bp,896,1
HET-INDEL:1-5bp,897,1
HET-INDEL:1-5bp,898,1
HET-INDEL:1-5bp,899,1
HET-INDEL:1-5bp,900,1
HET-INDEL:1-5bp,901,1
HET-INDEL:1-5bp,902,1
HET-INDEL:1-5bp,903,1
HET-INDEL:1-5bp,904,1
HET-INDEL:1-5bp,905,1
HET-INDEL:1-5bp,906,1
HET-INDEL:1-5bp,907,1
HET-INDEL:1-5bp,908,1
HET-INDEL:1-5bp,909,1
HET-INDEL:1-5bp,910,1
HET-INDEL:1-5bp,911,1
HET-INDEL:1-5bp,912,1
HET-INDEL:1-5bp,913,1
HET-INDEL:1-5bp,914,1
HET-INDEL:1-5bp,915,1
HET-INDEL:1-5bp,916,1
HET-INDEL:1-5bp,917,1
HET-INDEL:1-5bp,918,1
HET-INDEL:1-5bp,919,1
HET-INDEL:1-5bp,920,1
HET-INDEL:1-5bp,921,1
HET-INDEL:1-5bp,922,1
HET-INDEL:1-5bp,923,1
HET-INDEL:1-5bp,924,1
HET-INDEL:1-5bp,925,1
HET-INDEL:1-5bp,926,1
HET-INDEL:1-5bp,927,1
HET-INDEL:1-5bp,928,1
HET-INDEL:1-5bp,929,1
HET-INDEL:1-5bp,930,1
HET-INDEL:1-5bp,931,1
HET-INDEL:1-5bp,932,1
HET-INDEL:1-5bp,933,1
HET-INDEL:1-5bp,934,1
HET-INDEL:1-5bp,935,1
HET-INDEL:1-5bp,936,1
HET-INDEL:1-5bp,937,1
HET-INDEL:1-5bp,938,1
HET-INDEL:1-5bp,939,1
HET-INDEL:1-5bp,940,1
HET-INDEL:1-5bp,941,1
HET-INDEL:1-5bp,942,1
HET-INDEL:1-5bp,943,1
HET-INDEL:1-5bp,944,1
HET-INDEL:1-5bp,945,1
HET-INDEL:1-5bp,946,1
HET-INDEL:1-5bp,947,1
HET-INDEL:1-5bp,948,1
HET-INDEL:1-5bp,949,1
HET-INDEL:1-5bp,950,1
HET-INDEL:1-5bp,951,1
HET-INDEL:1-5bp,952,1
HET-INDEL:1-5bp,953,1
HET-INDEL:1-5bp,954,1
HET-INDEL:1-5bp,955,1
HET-INDEL:1-5bp,956,1
HET-INDEL:1-5bp,957,1
HET-INDEL:1-5bp,958,1
HET-INDEL:1-5bp,959,1
HET-INDEL:1-5bp,960,1
HET-INDEL:1-5bp,961,1
HET-INDEL:1-5bp,962,1
HET-INDEL:1-5bp,963,1
HET-INDEL:1-5bp,964,1
HET-INDEL:1-5bp,965,1
HET-INDEL:1-5bp,966,1
HET-INDEL:1-5bp,967,1
HET-INDEL:1-5bp,968,1
HET-INDEL:1-5bp,969,1
HET-INDEL:1-5bp,970,1
HET-INDEL:1-5bp,971,1
HET-INDEL:1-5bp,972,1
HET-INDEL:1-5bp,973,1
HET-INDEL:1-5bp,974,1
HET-INDEL:1-5bp,975,1
HET-INDEL:1-5bp,976,1
HET-INDEL:1-5bp,977,1
HET-INDEL:1-5bp,978,1
HET-INDEL:1-5bp,979,1
HET-INDEL:1-5bp,980,1
HET-INDEL:1-5bp,981,1
HET-INDEL:1-5bp,982,1
HET-INDEL:1-5bp,983,1
HET-INDEL:1-5bp,984,1
HET-INDEL:1-5bp,985,1
HET-INDEL:1-5bp,986,1
HET-INDEL:1-5bp,987,1
HET-INDEL:1-5bp,988,1
HET-INDEL:1-5bp,989,1
HET-INDEL:1-5bp,990,1
HET-INDEL:1-5bp,991,1
HET-INDEL:1-5bp,992,1
HET-INDEL:1-5bp,993,1
HET-INDEL:1-5bp,994,1
HET-INDEL:1-5bp,995,1
HET-INDEL:1-5bp,996,1
HET-INDEL:1-5bp,997,1
HET-INDEL:1-5bp,998,1
HET-INDEL:1-5bp,999,1
LOW-MAP:score-0.50,0,6.325140e-07
LOW-MAP:score-0.50,1,3.269268e-06
LOW-MAP:score-0.50,2,1.689764e-05
LOW-MAP:score-0.50,3,8.733275e-05
LOW-MAP:score-0.50,4,4.512327e-04
LOW-MAP:score-0.50,5,2.327909e-03
LOW-MAP:score-0.50,6,1.191662e-02
LOW-MAP:score-0.50,7,5.867852e-02
LOW-MAP:score-0.50,8,2.436836e-01
LOW-MAP:score-0.50,9,6.248141e-01
LOW-MAP:score-0.50,10,9.038826e-01
LOW-MAP:score-0.50,11,9.047235e-01
LOW-MAP:score-0.50,12,9.055578e-01
LOW-MAP:score-0.50,13,9.063856e-01
LOW-MAP:score-0.50,14,9.072069e-01
LOW-MAP:score-0.50,15,9.080216e-01
LOW-MAP:score-0.50,16,9.088300e-01
LOW-MAP:score-0.50,17,9.096319e-01
LOW-MAP:score-0.50,18,9.104275e-01
LOW-MAP:score-0.50,19,9.112168e-01
LOW-MAP:score-0.50,20,9.119998e-01
LOW-MAP:score-0.50,21,9.127765e-01
LOW-MAP:score-0.50,22,9.135471e-01
LOW-MAP:score-0.50,23,9.143114e-01
LOW-MAP:score-0.50,24,9.150697e-01
LOW-MAP:score-0.50,25,9.158218e-01
LOW-MAP:score-0.50,26,9.165679e-01
LOW-MAP:score-0.50,27,9.173080e-01
LOW-MAP:score-0.50,28,9.180421e-01
LOW-MAP:score-0.50,29,9.187702e-01
LOW-MAP:score-0.50,30,9.194925e-01
LOW-MAP:score-0.50,31,1
LOW-MAP:score-0.50,32,1
LOW-MAP:score-0.50,33,1
LOW-MAP:score-0.50,34,1
LOW-MAP:score-0.50,35,1
LOW-MAP:score-0.50,36,1
LOW-MAP:score-0.50,37,1
LOW-MAP:score-0.50,38,1
LOW-MAP:score-0.50,39,1
LOW-MAP:score-0.50,40,1
LOW-MAP:score-0.50,41,1
LOW-MAP:score-0.50,42,1
LOW-MAP:score-0.50,43,1
LOW-MAP:score-0.50,44,1
LOW-MAP:score-0.50,45,1
LOW-MAP:score-0.50,46,1
LOW-MAP:score-0.50,47,1
LOW-MAP:score-0.50,48,1
LOW-MAP:score-0.50,49,1
LOW-MAP:score-0.50,50,1
LOW-MAP:score-0.50,51,1
LOW-MAP:score-0.50,52,1
LOW-MAP:score-0.50,53,1
LOW-MAP:score-0.50,54,1
LOW-MAP:score-0.50,55,1
LOW-MAP:score-0.50,56,1
LOW-MAP:score-0.50,57,1
LOW-MAP:score-0.50,58,1
LOW-MAP:score-0.50,59,1
LOW-MAP:score-0.50,60,1
LOW-MAP:score-0.50,61,1
LOW-MAP:score-0.50,62,1
LOW-MAP:score-0.50,63,1
LOW-MAP:score-0.50,64,1
LOW-MAP:score-0.50,65,1
LOW-MAP:score-0.50,66,1
LOW-MAP:score-0.50,67,1
LOW-MAP:score-0.50,68,1
LOW-MAP:score-0.50,69,1
LOW-MAP:score-0.50,70,1
LOW-MAP:score-0.50,71,1
LOW-MAP:score-0.50,72,1
LOW-MAP:score-0.50,73,1
LOW-MAP:score-0.50,74,1
LOW-MAP:score-0.50,75,1
LOW-MAP:score-0.50,76,1
LOW-MAP:score-0.50,77,1
LOW-MAP:score-0.50,78,1
LOW-MAP:score-0.50,79,1
LOW-MAP:score-0.50,80,1
LOW-MAP:score-0.50,81,1
LOW-MAP:score-0.50,82,1
LOW-MAP:score-0.50,83,1
LOW-MAP:score-0.50,84,1
LOW-MAP:score-0.50,85,1
LOW-MAP:score-0.50,86,1
LOW-MAP:score-0.50,87,1
LOW-MAP:score-0.50,88,1
LOW-MAP:score-0.50,89,1
LOW-MAP:score-0.50,90,1
LOW-MAP:score-0.50,91,1
LOW-MAP:score-0.50,92,1
LOW-MAP:score-0.50,93,1
LOW-MAP:score-0.50,94,1
LOW-MAP:score-0.50,95,1
LOW-MAP:score-0.50,96,1
LOW-MAP:score-0.50,97,1
LOW-MAP:score-0.50,98,1
LOW-MAP:score-0.50,99,1
LOW-MAP:score-0.50,100,1
LOW-MAP:score-0.50,101,1
LOW-MAP:score-0.50,102,1
LOW-MAP:score-0.50,103,1
LOW-MAP:score-0.50,104,1
LOW-MAP:score-0.50,105,1
LOW-MAP:score-0.50,106,1
LOW-MAP:score-0.50,107,1
LOW-MAP:score-0.50,108,1
LOW-MAP:score-0.50,109,1
LOW-MAP:score-0.50,110,1
LOW-MAP:score-0.50,111,1
LOW-MAP:score-0.50,112,1
LOW-MAP:score-0.50,113,1
LOW-MAP:score-0.50,114,1
LOW-MAP:score-0.50,115,1
LOW-MAP:score-0.50,116,1
LOW-MAP:score-0.50,117,1
LOW-MAP:score-0.50,118,1
LOW-MAP:score-0.50,119,1
LOW-MAP:score-0.50,120,1
LOW-MAP:score-0.50,121,1
LOW-MAP:score-0.50,122,1
LOW-MAP:score-0.50,123,1
LOW-MAP:score-0.50,124,1
LOW-MAP:score-0.50,125,1
LOW-MAP:score-0.50,126,1
LOW-MAP:score-0.50,127,1
LOW-MAP:score-0.50,128,1
LOW-MAP:score-0.50,129,1
LOW-MAP:score-0.50,130,1
LOW-MAP:score-0.50,131,1
LOW-MAP:score-0.50,132,1
LOW-MAP:score-0.50,133,1
LOW-MAP:score-0.50,134,1
LOW-MAP:score-0.50,135,1
LOW-MAP:score-0.50,136,1
LOW-MAP:score-0.50,137,1
LOW-MAP:score-0.50,138,1
LOW-MAP:score-0.50,139,1
LOW-MAP:score-0.50,140,1
LOW-MAP:score-0.50,141,1
LOW-MAP:score-0.50,142,1
LOW-MAP:score-0.50,143,1
LOW-MAP:score-0.50,144,1
LOW-MAP:score-0.50,145,1
LOW-MAP:score-0.50,146,1
LOW-MAP:score-0.50,147,1
LOW-MAP:score-0.50,148,1
LOW-MAP:score-0.50,149,1
LOW-MAP:score-0.50,150,1
LOW-MAP:score-0.50,151,1
LOW-MAP:score-0.50,152,1
LOW-MAP:score-0.50,153,1
LOW-MAP:score-0.50,154,1
LOW-MAP:score-0.50,155,1
LOW-MAP:score-0.50,156,1
LOW-MAP:score-0.50,157,1
LOW-MAP:score-0.50,158,1
LOW-MAP:score-0.50,159,1
LOW-MAP:score-0.50,160,1
LOW-MAP:score-0.50,161,1
LOW-MAP:score-0.50,162,1
LOW-MAP:score-0.50,163,1
LOW-MAP:score-0.50,164,1
LOW-MAP:score-0.50,165,1
LOW-MAP:score-0.50,166,1
LOW-MAP:score-0.50,167,1
LOW-MAP:score-0.50,168,1
LOW-MAP:score-0.50,169,1
LOW-MAP:score-0.50,170,1
LOW-MAP:score-0.50,171,1
LOW-MAP:score-0.50,172,1
LOW-MAP:score-0.50,173,1
LOW-MAP:score-0.50,174,1
LOW-MAP:score-0.50,175,1
LOW-MAP:score-0.50,176,1
LOW-MAP:score-0.50,177,1
LOW-MAP:score-0.50,178,1
LOW-MAP:score-0.50,179,1
LOW-MAP:score-0.50,180,1
LOW-MAP:score-0.50,181,1
LOW-MAP:score-0.50,182,1
LOW-MAP:score-0.50,183,1
LOW-MAP:score-0.50,184,1
LOW-MAP:score-0.50,185,1
LOW-MAP:score-0.50,186,1
LOW-MAP:score-0.50,187,1
LOW-MAP:score-0.50,188,1
LOW-MAP:score-0.50,189,1
LOW-MAP:score-0.50,190,1
LOW-MAP:score-0.50,191,1
LOW-MAP:score-0.50,192,1
LOW-MAP:score-0.50,193,1
LOW-MAP:score-0.50,194,1
LOW-MAP:score-0.50,195,1
LOW-MAP:score-0.50,196,1
LOW-MAP:score-0.50,197,1
LOW-MAP:score-0.50,198,1
LOW-MAP:score-0.50,199,1
LOW-MAP:score-0.50,200,1
LOW-MAP:score-0.50,201,1
LOW-MAP:score-0.50,202,1
LOW-MAP:score-0.50,203,1
LOW-MAP:score-0.50,204,1
LOW-MAP:score-0.50,205,1
LOW-MAP:score-0.50,206,1
LOW-MAP:score-0.50,207,1
LOW-MAP:score-0.50,208,1
LOW-MAP:score-0.50,209,1
LOW-MAP:score-0.50,210,1
LOW-MAP:score-0.50,211,1
LOW-MAP:score-0.50,212,1
LOW-MAP:score-0.50,213,1
LOW-MAP:score-0.50,214,1
LOW-MAP:score-0.50,215,1
LOW-MAP:score-0.50,216,1
LOW-MAP:score-0.50,217,1
LOW-MAP:score-0.50,218,1
LOW-MAP:score-0.50,219,1
LOW-MAP:score-0.50,220,1
LOW-MAP:score-0.50,221,1
LOW-MAP:score-0.50,222,1
LOW-MAP:score-0.50,223,1
LOW-MAP:score-0.50,224,1
LOW-MAP:score-0.50,225,1
LOW-MAP:score-0.50,226,1
LOW-MAP:score-0.50,227,1
LOW-MAP:score-0.50,228,1
LOW-MAP:score-0.50,229,1
LOW-MAP:score-0.50,230,1
LOW-MAP:score-0.50,231,1
LOW-MAP:score-0.50,232,1
LOW-MAP:score-0.50,233,1
LOW-MAP:score-0.50,234,1
LOW-MAP:score-0.50,235,1
LOW-MAP:score-0.50,236,1
LOW-MAP:score-0.50,237,1
LOW-MAP:score-0.50,238,1
LOW-MAP:score-0.50,239,1
LOW-MAP:score-0.50,240,1
LOW-MAP:score-0.50,241,1
LOW-MAP:score-0.50,242,1
LOW-MAP:score-0.50,243,1
LOW-MAP:score-0.50,244,1
LOW-MAP:score-0.50,245,1
LOW-MAP:score-0.50,246,1
LOW-MAP:score-0.50,247,1
LOW-MAP:score-0.50,248,1
LOW-MAP:score-0.50,249,1
LOW-MAP:score-0.50,250,1
LOW-MAP:score-0.50,251,1
LOW-MAP:score-0.50,252,1
LOW-MAP:score-0.50,253,1
LOW-MAP:score-0.50,254,1
LOW-MAP:score-0.50,255,1
LOW-MAP:score-0.50,256,1
LOW-MAP:score-0.50,257,1
LOW-MAP:score-0.50,258,1
LOW-MAP:score-0.50,259,1
LOW-MAP:score-0.50,260,1
LOW-MAP:score-0.50,261,1
LOW-MAP:score-0.50,262,1
LOW-MAP:score-0.50,263,1
LOW-MAP:score-0.50,264,1
LOW-MAP:score-0.50,265,1
LOW-MAP:score-0.50,266,1
LOW-MAP:score-0.50,267,1
LOW-MAP:score-0.50,268,1
LOW-MAP:score-0.50,269,1
LOW-MAP:score-0.50,270,1
LOW-MAP:score-0.50,271,1
LOW-MAP:score-0.50,272,1
LOW-MAP:score-0.50,273,1
LOW-MAP:score-0.50,274,1
LOW-MAP:score-0.50,275,1
LOW-MAP:score-0.50,276,1
LOW-MAP:score-0.50,277,1
LOW-MAP:score-0.50,278,1
LOW-MAP:score-0.50,279,1
LOW-MAP:score-0.50,280,1
LOW-MAP:score-0.50,281,1
LOW-MAP:score-0.50,282,1
LOW-MAP:score-0.50,283,1
LOW-MAP:score-0.50,284,1
LOW-MAP:score-0.50,285,1
LOW-MAP:score-0.50,286,1
LOW-MAP:score-0.50,287,1
LOW-MAP:score-0.50,288,1
LOW-MAP:score-0.50,289,1
LOW-MAP:score-0.50,290,1
LOW-MAP:score-0.50,291,1
LOW-MAP:score-0.50,292,1
LOW-MAP:score-0.50,293,1
LOW-MAP:score-0.50,294,1
LOW-MAP:score-0.50,295,1
LOW-MAP:score-0.50,296,1
LOW-MAP:score-0.50,297,1
LOW-MAP:score-0.50,298,1
LOW-MAP:score-0.50,299,1
LOW-MAP:score-0.50,300,1
LOW-MAP:score-0.50,301,1
LOW-MAP:score-0.50,302,1
LOW-MAP:score-0.50,303,1
LOW-MAP:score-0.50,304,1
LOW-MAP:score-0.50,305,1
LOW-MAP:score-0.50,306,1
LOW-MAP:score-0.50,307,1
LOW-MAP:score-0.50,308,1
LOW-MAP:score-0.50,309,1
LOW-MAP:score-0.50,310,1
LOW-MAP:score-0.50,311,1
LOW-MAP:score-0.50,312,1
LOW-MAP:score-0.50,313,1
LOW-MAP:score-0.50,314,1
LOW-MAP:score-0.50,315,1
LOW-MAP:score-0.50,316,1
LOW-MAP:score-0.50,317,1
LOW-MAP:score-0.50,318,1
LOW-MAP:score-0.50,319,1
LOW-MAP:score-0.50,320,1
LOW-MAP:score-0.50,321,1
LOW-MAP:score-0.50,322,1
LOW-MAP:score-0.50,323,1
LOW-MAP:score-0.50,324,1
LOW-MAP:score-0.50,325,1
LOW-MAP:score-0.50,326,1
LOW-MAP:score-0.50,327,1
LOW-MAP:score-0.50,328,1
LOW-MAP:score-0.50,329,1
LOW-MAP:score-0.50,330,1
LOW-MAP:score-0.50,331,1
LOW-MAP:score-0.50,332,1
LOW-MAP:score-0.50,333,1
LOW-MAP:score-0.50,334,1
LOW-MAP:score-0.50,335,1
LOW-MAP:score-0.50,336,1
LOW-MAP:score-0.50,337,1
LOW-MAP:score-0.50,338,1
LOW-MAP:score-0.50,339,1
LOW-MAP:score-0.50,340,1
LOW-MAP:score-0.50,341,1
LOW-MAP:score-0.50,342,1
LOW-MAP:score-0.50,343,1
LOW-MAP:score-0.50,344,1
LOW-MAP:score-0.50,345,1
LOW-MAP:score-0.50,346,1
LOW-MAP:score-0.50,347,1
LOW-MAP:score-0.50,348,1
LOW-MAP:score-0.50,349,1
LOW-MAP:score-0.50,350,1
LOW-MAP:score-0.50,351,1
LOW-MAP:score-0.50,352,1
LOW-MAP:score-0.50,353,1
LOW-MAP:score-0.50,354,1
LOW-MAP:score-0.50,355,1
LOW-MAP:score-0.50,356,1
LOW-MAP:score-0.50,357,1
LOW-MAP:score-0.50,358,1
LOW-MAP:score-0.50,359,1
LOW-MAP:score-0.50,360,1
LOW-MAP:score-0.50,361,1
LOW-MAP:score-0.50,362,1
LOW-MAP:score-0.50,363,1
LOW-MAP:score-0.50,364,1
LOW-MAP:score-0.50,365,1
LOW-MAP:score-0.50,366,1
LOW-MAP:score-0.50,367,1
LOW-MAP:score-0.50,368,1
LOW-MAP:score-0.50,369,1
LOW-MAP:score-0.50,370,1
LOW-MAP:score-0.50,371,1
LOW-MAP:score-0.50,372,1
LOW-MAP:score-0.50,373,1
LOW-MAP:score-0.50,374,1
LOW-MAP:score-0.50,375,1
LOW-MAP:score-0.50,376,1
LOW-MAP:score-0.50,377,1
LOW-MAP:score-0.50,378,1
LOW-MAP:score-0.50,379,1
LOW-MAP:score-0.50,380,1
LOW-MAP:score-0.50,381,1
LOW-MAP:score-0.50,382,1
LOW-MAP:score-0.50,383,1
LOW-MAP:score-0.50,384,1
LOW-MAP:score-0.50,385,1
LOW-MAP:score-0.50,386,1
LOW-MAP:score-0.50,387,1
LOW-MAP:score-0.50,388,1
LOW-MAP:score-0.50,389,1
LOW-MAP:score-0.50,390,1
LOW-MAP:score-0.50,391,1
LOW-MAP:score-0.50,392,1
LOW-MAP:score-0.50,393,1
LOW-MAP:score-0.50,394,1
LOW-MAP:score-0.50,395,1
LOW-MAP:score-0.50,396,1
LOW-MAP:score-0.50,397,1
LOW-MAP:score-0.50,398,1
LOW-MAP:score-0.50,399,1
LOW-MAP:score-0.50,400,1
LOW-MAP:score-0.50,401,1
LOW-MAP:score-0.50,402,1
LOW-MAP:score-0.50,403,1
LOW-MAP:score-0.50,404,1
LOW-MAP:score-0.50,405,1
LOW-MAP:score-0.50,406,1
LOW-MAP:score-0.50,407,1
LOW-MAP:score-0.50,408,1
LOW-MAP:score-0.50,409,1
LOW-MAP:score-0.50,410,1
LOW-MAP:score-0.50,411,1
LOW-MAP:score-0.50,412,1
LOW-MAP:score-0.50,413,1
LOW-MAP:score-0.50,414,1
LOW-MAP:score-0.50,415,1
LOW-MAP:score-0.50,416,1
LOW-MAP:score-0.50,417,1
LOW-MAP:score-0.50,418,1
LOW-MAP:score-0.50,419,1
LOW-MAP:score-0.50,420,1
LOW-MAP:score-0.50,421,1
LOW-MAP:score-0.50,422,1
LOW-MAP:score-0.50,423,1
LOW-MAP:score-0.50,424,1
LOW-MAP:score-0.50,425,1
LOW-MAP:score-0.50,426,1
LOW-MAP:score-0.50,427,1
LOW-MAP:score-0.50,428,1
LOW-MAP:score-0.50,429,1
LOW-MAP:score-0.50,430,1
LOW-MAP:score-0.50,431,1
LOW-MAP:score-0.50,432,1
LOW-MAP:score-0.50,433,1
LOW-MAP:score-0.50,434,1
LOW-MAP:score-0.50,435,1
LOW-MAP:score-0.50,436,1
LOW-MAP:score-0.50,437,1
LOW-MAP:score-0.50,438,1
LOW-MAP:score-0.50,439,1
LOW-MAP:score-0.50,440,1
LOW-MAP:score-0.50,441,1
LOW-MAP:score-0.50,442,1
LOW-MAP:score-0.50,443,1
LOW-MAP:score-0.50,444,1
LOW-MAP:score-0.50,445,1
LOW-MAP:score-0.50,446,1
LOW-MAP:score-0.50,447,1
LOW-MAP:score-0.50,448,1
LOW-MAP:score-0.50,449,1
LOW-MAP:score-0.50,450,1
LOW-MAP:score-0.50,451,1
LOW-MAP:score-0.50,452,1
LOW-MAP:score-0.50,453,1
LOW-MAP:score-0.50,454,1
LOW-MAP:score-0.50,455,1
LOW-MAP:score-0.50,456,1
LOW-MAP:score-0.50,457,1
LOW-MAP:score-0.50,458,1
LOW-MAP:score-0.50,459,1
LOW-MAP:score-0.50,460,1
LOW-MAP:score-0.50,461,1
LOW-MAP:score-0.50,462,1
LOW-MAP:score-0.50,463,1
LOW-MAP:score-0.50,464,1
LOW-MAP:score-0.50,465,1
LOW-MAP:score-0.50,466,1
LOW-MAP:score-0.50,467,1
LOW-MAP:score-0.50,468,1
LOW-MAP:score-0.50,469,1
LOW-MAP:score-0.50,470,1
LOW-MAP:score-0.50,471,1
LOW-MAP:score-0.50,472,1
LOW-MAP:score-0.50,473,1
LOW-MAP:score-0.50,474,1
LOW-MAP:score-0.50,475,1
LOW-MAP:score-0.50,476,1
LOW-MAP:score-0.50,477,1
LOW-MAP:score-0.50,478,1
LOW-MAP:score-0.50,479,1
LOW-MAP:score-0.50,480,1
LOW-MAP:score-0.50,481,1
LOW-MAP:score-0.50,482,1
LOW-MAP:score-0.50,483,1
LOW-MAP:score-0.50,484,1
LOW-MAP:score-0.50,485,1
LOW-MAP:score-0.50,486,1
LOW-MAP:score-0.50,487,1
LOW-MAP:score-0.50,488,1
LOW-MAP:score-0.50,489,1
LOW-MAP:score-0.50,490,1
LOW-MAP:score-0.50,491,1
LOW-MAP:score-0.50,492,1
LOW-MAP:score-0.50,493,1
LOW-MAP:score-0.50,494,1
LOW-MAP:score-0.50,495,1
LOW-MAP:score-0.50,496,1
LOW-MAP:score-0.50,497,1
LOW-MAP:score-0.50,498,1
LOW-MAP:score-0.50,499,1
LOW-MAP:score-0.50,500,1
LOW-MAP:score-0.50,501,1
LOW-MAP:score-0.50,502,1
LOW-MAP:score-0.50,503,1
LOW-MAP:score-0.50,504,1
LOW-MAP:score-0.50,505,1
LOW-MAP:score-0.50,506,1
LOW-MAP:score-0.50,507,1
LOW-MAP:score-0.50,508,1
LOW-MAP:score-0.50,509,1
LOW-MAP:score-0.50,510,1
LOW-MAP:score-0.50,511,1
LOW-MAP:score-0.50,512,1
LOW-MAP:score-0.50,513,1
LOW-MAP:score-0.50,514,1
LOW-MAP:score-0.50,515,1
LOW-MAP:score-0.50,516,1
LOW-MAP:score-0.50,517,1
LOW-MAP:score-0.50,518,1
LOW-MAP:score-0.50,519,1
LOW-MAP:score-0.50,520,1
LOW-MAP:score-0.50,521,1
LOW-MAP:score-0.50,522,1
LOW-MAP:score-0.50,523,1
LOW-MAP:score-0.50,524,1
LOW-MAP:score-0.50,525,1
LOW-MAP:score-0.50,526,1
LOW-MAP:score-0.50,527,1
LOW-MAP:score-0.50,528,1
LOW-MAP:score-0.50,529,1
LOW-MAP:score-0.50,530,1
LOW-MAP:score-0.50,531,1
LOW-MAP:score-0.50,532,1
LOW-MAP:score-0.50,533,1
LOW-MAP:score-0.50,534,1
LOW-MAP:score-0.50,535,1
LOW-MAP:score-0.50,536,1
LOW-MAP:score-0.50,537,1
LOW-MAP:score-0.50,538,1
LOW-MAP:score-0.50,539,1
LOW-MAP:score-0.50,540,1
LOW-MAP:score-0.50,541,1
LOW-MAP:score-0.50,542,1
LOW-MAP:score-0.50,543,1
LOW-MAP:score-0.50,544,1
LOW-MAP:score-0.50,545,1
LOW-MAP:score-0.50,546,1
LOW-MAP:score-0.50,547,1
LOW-MAP:score-0.50,548,1
LOW-MAP:score-0.50,549,1
LOW-MAP:score-0.50,550,1
LOW-MAP:score-0.50,551,1
LOW-MAP:score-0.50,552,1
LOW-MAP:score-0.50,553,1
LOW-MAP:score-0.50,554,1
LOW-MAP:score-0.50,555,1
LOW-MAP:score-0.50,556,1
LOW-MAP:score-0.50,557,1
LOW-MAP:score-0.50,558,1
LOW-MAP:score-0.50,559,1
LOW-MAP:score-0.50,560,1
LOW-MAP:score-0.50,561,1
LOW-MAP:score-0.50,562,1
LOW-MAP:score-0.50,563,1
LOW-MAP:score-0.50,564,1
LOW-MAP:score-0.50,565,1
LOW-MAP:score-0.50,566,1
LOW-MAP:score-0.50,567,1
LOW-MAP:score-0.50,568,1
LOW-MAP:score-0.50,569,1
LOW-MAP:score-0.50,570,1
LOW-MAP:score-0.50,571,1
LOW-MAP:score-0.50,572,1
LOW-MAP:score-0.50,573,1
LOW-MAP:score-0.50,574,1
LOW-MAP:score-0.50,575,1
LOW-MAP:score-0.50,576,1
LOW-MAP:score-0.50,577,1
LOW-MAP:score-0.50,578,1
LOW-MAP:score-0.50,579,1
LOW-MAP:score-0.50,580,1
LOW-MAP:score-0.50,581,1
LOW-MAP:score-0.50,582,1
LOW-MAP:score-0.50,583,1
LOW-MAP:score-0.50,584,1
LOW-MAP:score-0.50,585,1
LOW-MAP:score-0.50,586,1
LOW-MAP:score-0.50,587,1
LOW-MAP:score-0.50,588,1
LOW-MAP:score-0.50,589,1
LOW-MAP:score-0.50,590,1
LOW-MAP:score-0.50,591,1
LOW-MAP:score-0.50,592,1
LOW-MAP:score-0.50,593,1
LOW-MAP:score-0.50,594,1
LOW-MAP:score-0.50,595,1
LOW-MAP:score-0.50,596,1
LOW-MAP:score-0.50,597,1
LOW-MAP:score-0.50,598,1
LOW-MAP:score-0.50,599,1
LOW-MAP:score-0.50,600,1
LOW-MAP:score-0.50,601,1
LOW-MAP:score-0.50,602,1
LOW-MAP:score-0.50,603,1
LOW-MAP:score-0.50,604,1
LOW-MAP:score-0.50,605,1
LOW-MAP:score-0.50,606,1
LOW-MAP:score-0.50,607,1
LOW-MAP:score-0.50,608,1
LOW-MAP:score-0.50,609,1
LOW-MAP:score-0.50,610,1
LOW-MAP:score-0.50,611,1
LOW-MAP:score-0.50,612,1
LOW-MAP:score-0.50,613,1
LOW-MAP:score-0.50,614,1
LOW-MAP:score-0.50,615,1
LOW-MAP:score-0.50,616,1
LOW-MAP:score-0.50,617,1
LOW-MAP:score-0.50,618,1
LOW-MAP:score-0.50,619,1
LOW-MAP:score-0.50,620,1
LOW-MAP:score-0.50,621,1
LOW-MAP:score-0.50,622,1
LOW-MAP:score-0.50,623,1
LOW-MAP:score-0.50,624,1
LOW-MAP:score-0.50,625,1
LOW-MAP:score-0.50,626,1
LOW-MAP:score-0.50,627,1
LOW-MAP:score-0.50,628,1
LOW-MAP:score-0.50,629,1
LOW-MAP:score-0.50,630,1
LOW-MAP:score-0.50,631,1
LOW-MAP:score-0.50,632,1
LOW-MAP:score-0.50,633,1
LOW-MAP:score-0.50,634,1
LOW-MAP:score-0.50,635,1
LOW-MAP:score-0.50,636,1
LOW-MAP:score-0.50,637,1
LOW-MAP:score-0.50,638,1
LOW-MAP:score-0.50,639,1
LOW-MAP:score-0.50,640,1
LOW-MAP:score-0.50,641,1
LOW-MAP:score-0.50,642,1
LOW-MAP:score-0.50,643,1
LOW-MAP:score-0.50,644,1
LOW-MAP:score-0.50,645,1
LOW-MAP:score-0.50,646,1
LOW-MAP:score-0.50,647,1
LOW-MAP:score-0.50,648,1
LOW-MAP:score-0.50,649,1
LOW-MAP:score-0.50,650,1
LOW-MAP:score-0.50,651,1
LOW-MAP:score-0.50,652,1
LOW-MAP:score-0.50,653,1
LOW-MAP:score-0.50,654,1
LOW-MAP:score-0.50,655,1
LOW-MAP:score-0.50,656,1
LOW-MAP:score-0.50,657,1
LOW-MAP:score-0.50,658,1
LOW-MAP:score-0.50,659,1
LOW-MAP:score-0.50,660,1
LOW-MAP:score-0.50,661,1
LOW-MAP:score-0.50,662,1
LOW-MAP:score-0.50,663,1
LOW-MAP:score-0.50,664,1
LOW-MAP:score-0.50,665,1
LOW-MAP:score-0.50,666,1
LOW-MAP:score-0.50,667,1
LOW-MAP:score-0.50,668,1
LOW-MAP:score-0.50,669,1
LOW-MAP:score-0.50,670,1
LOW-MAP:score-0.50,671,1
LOW-MAP:score-0.50,672,1
LOW-MAP:score-0.50,673,1
LOW-MAP:score-0.50,674,1
LOW-MAP:score-0.50,675,1
LOW-MAP:score-0.50,676,1
LOW-MAP:score-0.50,677,1
LOW-MAP:score-0.50,678,1
LOW-MAP:score-0.50,679,1
LOW-MAP:score-0.50,680,1
LOW-MAP:score-0.50,681,1
LOW-MAP:score-0.50,682,1
LOW-MAP:score-0.50,683,1
LOW-MAP:score-0.50,684,1
LOW-MAP:score-0.50,685,1
LOW-MAP:score-0.50,686,1
LOW-MAP:score-0.50,687,1
LOW-MAP:score-0.50,688,1
LOW-MAP:score-0.50,689,1
LOW-MAP:score-0.50,690,1
LOW-MAP:score-0.50,691,1
LOW-MAP:score-0.50,692,1
LOW-MAP:score-0.50,693,1
LOW-MAP:score-0.50,694,1
LOW-MAP:score-0.50,695,1
LOW-MAP:score-0.50,696,1
LOW-MAP:score-0.50,697,1
LOW-MAP:score-0.50,698,1
LOW-MAP:score-0.50,699,1
LOW-MAP:score-0.50,700,1
LOW-MAP:score-0.50,701,1
LOW-MAP:score-0.50,702,1
LOW-MAP:score-0.50,703,1
LOW-MAP:score-0.50,704,1
LOW-MAP:score-0.50,705,1
LOW-MAP:score-0.50,706,1
LOW-MAP:score-0.50,707,1
LOW-MAP:score-0.50,708,1
LOW-MAP:score-0.50,709,1
LOW-MAP:score-0.50,710,1
LOW-MAP:score-0.50,711,1
LOW-MAP:score-0.50,712,1
LOW-MAP:score-0.50,713,1
LOW-MAP:score-0.50,714,1
LOW-MAP:score-0.50,715,1
LOW-MAP:score-0.50,716,1
LOW-MAP:score-0.50,717,1
LOW-MAP:score-0.50,718,1
LOW-MAP:score-0.50,719,1
LOW-MAP:score-0.50,720,1
LOW-MAP:score-0.50,721,1
LOW-MAP:score-0.50,722,1
LOW-MAP:score-0.50,723,1
LOW-MAP:score-0.50,724,1
LOW-MAP:score-0.50,725,1
LOW-MAP:score-0.50,726,1
LOW-MAP:score-0.50,727,1
LOW-MAP:score-0.50,728,1
LOW-MAP:score-0.50,729,1
LOW-MAP:score-0.50,730,1
LOW-MAP:score-0.50,731,1
LOW-MAP:score-0.50,732,1
LOW-MAP:score-0.50,733,1
LOW-MAP:score-0.50,734,1
LOW-MAP:score-0.50,735,1
LOW-MAP:score-0.50,736,1
LOW-MAP:score-0.50,737,1
LOW-MAP:score-0.50,738,1
LOW-MAP:score-0.50,739,1
LOW-MAP:score-0.50,740,1
LOW-MAP:score-0.50,741,1
LOW-MAP:score-0.50,742,1
LOW-MAP:score-0.50,743,1
LOW-MAP:score-0.50,744,1
LOW-MAP:score-0.50,745,1
LOW-MAP:score-0.50,746,1
LOW-MAP:score-0.50,747,1
LOW-MAP:score-0.50,748,1
LOW-MAP:score-0.50,749,1
LOW-MAP:score-0.50,750,1
LOW-MAP:score-0.50,751,1
LOW-MAP:score-0.50,752,1
LOW-MAP:score-0.50,753,1
LOW-MAP:score-0.50,754,1
LOW-MAP:score-0.50,755,1
LOW-MAP:score-0.50,756,1
LOW-MAP:score-0.50,757,1
LOW-MAP:score-0.50,758,1
LOW-MAP:score-0.50,759,1
LOW-MAP:score-0.50,760,1
LOW-MAP:score-0.50,761,1
LOW-MAP:score-0.50,762,1
LOW-MAP:score-0.50,763,1
LOW-MAP:score-0.50,764,1
LOW-MAP:score-0.50,765,1
LOW-MAP:score-0.50,766,1
LOW-MAP:score-0.50,767,1
LOW-MAP:score-0.50,768,1
LOW-MAP:score-0.50,769,1
LOW-MAP:score-0.50,770,1
LOW-MAP:score-0.50,771,1
LOW-MAP:score-0.50,772,1
LOW-MAP:score-0.50,773,1
LOW-MAP:score-0.50,774,1
LOW-MAP:score-0.50,775,1
LOW-MAP:score-0.50,776,1
LOW-MAP:score-0.50,777,1
LOW-MAP:score-0.50,778,1
LOW-MAP:score-0.50,779,1
LOW-MAP:score-0.50,780,1
LOW-MAP:score-0.50,781,1
LOW-MAP:score-0.50,782,1
LOW-MAP:score-0.50,783,1
LOW-MAP:score-0.50,784,1
LOW-MAP:score-0.50,785,1
LOW-MAP:score-0.50,786,1
LOW-MAP:score-0.50,787,1
LOW-MAP:score-0.50,788,1
LOW-MAP:score-0.50,789,1
LOW-MAP:score-0.50,790,1
LOW-MAP:score-0.50,791,1
LOW-MAP:score-0.50,792,1
LOW-MAP:score-0.50,793,1
LOW-MAP:score-0.50,794,1
LOW-MAP:score-0.50,795,1
LOW-MAP:score-0.50,796,1
LOW-MAP:score-0.50,797,1
LOW-MAP:score-0.50,798,1
LOW-MAP:score-0.50,799,1
LOW-MAP:score-0.50,800,1
LOW-MAP:score-0.50,801,1
LOW-MAP:score-0.50,802,1
LOW-MAP:score-0.50,803,1
LOW-MAP:score-0.50,804,1
LOW-MAP:score-0.50,805,1
LOW-MAP:score-0.50,806,1
LOW-MAP:score-0.50,807,1
LOW-MAP:score-0.50,808,1
LOW-MAP:score-0.50,809,1
LOW-MAP:score-0.50,810,1
LOW-MAP:score-0.50,811,1
LOW-MAP:score-0.50,812,1
LOW-MAP:score-0.50,813,1
LOW-MAP:score-0.50,814,1
LOW-MAP:score-0.50,815,1
LOW-MAP:score-0.50,816,1
LOW-MAP:score-0.50,817,1
LOW-MAP:score-0.50,818,1
LOW-MAP:score-0.50,819,1
LOW-MAP:score-0.50,820,1
LOW-MAP:score-0.50,821,1
LOW-MAP:score-0.50,822,1
LOW-MAP:score-0.50,823,1
LOW-MAP:score-0.50,824,1
LOW-MAP:score-0.50,825,1
LOW-MAP:score-0.50,826,1
LOW-MAP:score-0.50,827,1
LOW-MAP:score-0.50,828,1
LOW-MAP:score-0.50,829,1
LOW-MAP:score-0.50,830,1
LOW-MAP:score-0.50,831,1
LOW-MAP:score-0.50,832,1
LOW-MAP:score-0.50,833,1
LOW-MAP:score-0.50,834,1
LOW-MAP:score-0.50,835,1
LOW-MAP:score-0.50,836,1
LOW-MAP:score-0.50,837,1
LOW-MAP:score-0.50,838,1
LOW-MAP:score-0.50,839,1
LOW-MAP:score-0.50,840,1
LOW-MAP:score-0.50,841,1
LOW-MAP:score-0.50,842,1
LOW-MAP:score-0.50,843,1
LOW-MAP:score-0.50,844,1
LOW-MAP:score-0.50,845,1
LOW-MAP:score-0.50,846,1
LOW-MAP:score-0.50,847,1
LOW-MAP:score-0.50,848,1
LOW-MAP:score-0.50,849,1
LOW-MAP:score-0.50,850,1
LOW-MAP:score-0.50,851,1
LOW-MAP:score-0.50,852,1
LOW-MAP:score-0.50,853,1
LOW-MAP:score-0.50,854,1
LOW-MAP:score-0.50,855,1
LOW-MAP:score-0.50,856,1
LOW-MAP:score-0.50,857,1
LOW-MAP:score-0.50,858,1
LOW-MAP:score-0.50,859,1
LOW-MAP:score-0.50,860,1
LOW-MAP:score-0.50,861,1
LOW-MAP:score-0.50,862,1
LOW-MAP:score-0.50,863,1
LOW-MAP:score-0.50,864,1
LOW-MAP:score-0.50,865,1
LOW-MAP:score-0.50,866,1
LOW-MAP:score-0.50,867,1
LOW-MAP:score-0.50,868,1
LOW-MAP:score-0.50,869,1
LOW-MAP:score-0.50,870,1
LOW-MAP:score-0.50,871,1
LOW-MAP:score-0.50,872,1
LOW-MAP:score-0.50,873,1
LOW-MAP:score-0.50,874,1
LOW-MAP:score-0.50,875,1
LOW-MAP:score-0.50,876,1
LOW-MAP:score-0.50,877,1
LOW-MAP:score-0.50,878,1
LOW-MAP:score-0.50,879,1
LOW-MAP:score-0.50,880,1
LOW-MAP:score-0.50,881,1
LOW-MAP:score-0.50,882,1
LOW-MAP:score-0.50,883,1
LOW-MAP:score-0.50,884,1
LOW-MAP:score-0.50,885,1
LOW-MAP:score-0.50,886,1
LOW-MAP:score-0.50,887,1
LOW-MAP:score-0.50,888,1
LOW-MAP:score-0.50,889,1
LOW-MAP:score-0.50,890,1
LOW-MAP:score-0.50,891,1
LOW-MAP:score-0.50,892,1
LOW-MAP:score-0.50,893,1
LOW-MAP:score-0.50,894,1
LOW-MAP:score-0.50,895,1
LOW-MAP:score-0.50,896,1
LOW-MAP:score-0.50,897,1
LOW-MAP:score-0.50,898,1
LOW-MAP:score-0.50,899,1
LOW-MAP:score-0.50,900,1
LOW-MAP:score-0.50,901,1
LOW-MAP:score-0.50,902,1
LOW-MAP:score-0.50,903,1
LOW-MAP:score-0.50,904,1
LOW-MAP:score-0.50,905,1
LOW-MAP:score-0.50,906,1
LOW-MAP:score-0.50,907,1
LOW-MAP:score-0.50,908,1
LOW-MAP:score-0.50,909,1
LOW-MAP:score-0.50,910,1
LOW-MAP:score-0.50,911,1
LOW-MAP:score-0.50,912,1
LOW-MAP:score-0.50,913,1
LOW-MAP:score-0.50,914,1
LOW-MAP:score-0.50,915,1
LOW-MAP:score-0.50,916,1
LOW-MAP:score-0.50,917,1
LOW-MAP:score-0.50,918,1
LOW-MAP:score-0.50,919,1
LOW-MAP:score-0.50,920,1
LOW-MAP:score-0.50,921,1
LOW-MAP:score-0.50,922,1
LOW-MAP:score-0.50,923,1
LOW-MAP:score-0.50,924,1
LOW-MAP:score-0.50,925,1
LOW-MAP:score-0.50,926,1
LOW-MAP:score-0.50,927,1
LOW-MAP:score-0.50,928,1
LOW-MAP:score-0.50,929,1
LOW-MAP:score-0.50,930,1
LOW-MAP:score-0.50,931,1
LOW-MAP:score-0.50,932,1
LOW-MAP:score-0.50,933,1
LOW-MAP:score-0.50,934,1
LOW-MAP:score-0.50,935,1
LOW-MAP:score-0.50,936,1
LOW-MAP:score-0.50,937,1
LOW-MAP:score-0.50,938,1
LOW-MAP:score-0.50,939,1
LOW-MAP:score-0.50,940,1
LOW-MAP:score-0.50,941,1
LOW-MAP:score-0.50,942,1
LOW-MAP:score-0.50,943,1
LOW-MAP:score-0.50,944,1
LOW-MAP:score-0.50,945,1
LOW-MAP:score-0.50,946,1
LOW-MAP:score-0.50,947,1
LOW-MAP:score-0.50,948,1
LOW-MAP:score-0.50,949,1
LOW-MAP:score-0.50,950,1
LOW-MAP:score-0.50,951,1
LOW-MAP:score-0.50,952,1
LOW-MAP:score-0.50,953,1
LOW-MAP:score-0.50,954,1
LOW-MAP:score-0.50,955,1
LOW-MAP:score-0.50,956,1
LOW-MAP:score-0.50,957,1
LOW-MAP:score-0.50,958,1
LOW-MAP:score-0.50,959,1
LOW-MAP:score-0.50,960,1
LOW-MAP:score-0.50,961,1
LOW-MAP:score-0.50,962,1
LOW-MAP:score-0.50,963,1
LOW-MAP:score-0.50,964,1
LOW-MAP:score-0.50,965,1
LOW-MAP:score-0.50,966,1
LOW-MAP:score-0.50,967,1
LOW-MAP:score-0.50,968,1
LOW-MAP:score-0.50,969,1
LOW-MAP:score-0.50,970,1
LOW-MAP:score-0.50,971,1
LOW-MAP:score-0.50,972,1
LOW-MAP:score-0.50,973,1
LOW-MAP:score-0.50,974,1
LOW-MAP:score-0.50,975,1
LOW-MAP:score-0.50,976,1
LOW-MAP:score-0.50,977,1
LOW-MAP:score-0.50,978,1
LOW-MAP:score-0.50,979,1
LOW-MAP:score-0.50,980,1
LOW-MAP:score-0.50,981,1
LOW-MAP:score-0.50,982,1
LOW-MAP:score-0.50,983,1
LOW-MAP:score-0.50,984,1
LOW-MAP:score-0.50,985,1
LOW-MAP:score-0.50,986,1
LOW-MAP:score-0.50,987,1
LOW-MAP:score-0.50,988,1
LOW-MAP:score-0.50,989,1
LOW-MAP:score-0.50,990,1
LOW-MAP:score-0.50,991,1
LOW-MAP:score-0.50,992,1
LOW-MAP:score-0.50,993,1
LOW-MAP:score-0.50,994,1
LOW-MAP:score-0.50,995,1
LOW-MAP:score-0.50,996,1
LOW-MAP:score-0.50,997,1
LOW-MAP:score-0.50,998,1
LOW-MAP:score-0.50,999,1
HET-INDEL:6-45bp,0,7.866904e-07
HET-INDEL:6-45bp,1,4.383330e-06
HET-INDEL:6-45bp,2,2.442291e-05
HET-INDEL:6-45bp,3,1.360664e-04
HET-INDEL:6-45bp,4,7.576745e-04
HET-INDEL:6-45bp,5,4.207100e-03
HET-INDEL:6-45bp,6,2.299909e-02
HET-INDEL:6-45bp,7,1.159556e-01
HET-INDEL:6-45bp,8,4.222443e-01
HET-INDEL:6-45bp,9,8.105055e-01
HET-INDEL:6-45bp,10,8.207861e-01
HET-INDEL:6-45bp,11,8.306256e-01
HET-INDEL:6-45bp,12,8.400301e-01
HET-INDEL:6-45bp,13,8.490073e-01
HET-INDEL:6-45bp,14,8.575662e-01
HET-INDEL:6-45bp,15,8.657167e-01
HET-INDEL:6-45bp,16,8.734696e-01
HET-INDEL:6-45bp,17,8.808365e-01
HET-INDEL:6-45bp,18,8.878295e-01
HET-INDEL:6-45bp,19,8.944613e-01
HET-INDEL:6-45bp,20,9.007449e-01
HET-INDEL:6-45bp,21,9.066934e-01
HET-INDEL:6-45bp,22,9.123201e-01
HET-INDEL:6-45bp,23,9.176383e-01
HET-INDEL:6-45bp,24,9.226613e-01
HET-INDEL:6-45bp,25,9.274021e-01
HET-INDEL:6-45bp,26,9.318739e-01
HET-INDEL:6-45bp,27,9.360891e-01
HET-INDEL:6-45bp,28,9.400603e-01
HET-INDEL:6-45bp,29,9.437996e-01
HET-INDEL:6-45bp,30,9.473187e-01
HET-INDEL:6-45bp,31,1
HET-INDEL:6-45bp,32,1
HET-INDEL:6-45bp,33,1
HET-INDEL:6-45bp,34,1
HET-INDEL:6-45bp,35,1
HET-INDEL:6-45bp,36,1
HET-INDEL:6-45bp,37,1
HET-INDEL:6-45bp,38,1
HET-INDEL:6-45bp,39,1
HET-INDEL:6-45bp,40,1
HET-INDEL:6-45bp,41,1
HET-INDEL:6-45bp,42,1
HET-INDEL:6-45bp,43,1
HET-INDEL:6-45bp,44,1
HET-INDEL:6-45bp,45,1
HET-INDEL:6-45bp,46,1
HET-INDEL:6-45bp,47,1
HET-INDEL:6-45bp,48,1
HET-INDEL:6-45bp,49,1
HET-INDEL:6-45bp,50,1
HET-INDEL:6-45bp,51,1
HET-INDEL:6-45bp,52,1
HET-INDEL:6-45bp,53,1
HET-INDEL:6-45bp,54,1
HET-INDEL:6-45bp,55,1
HET-INDEL:6-45bp,56,1
HET-INDEL:6-45bp,57,1
HET-INDEL:6-45bp,58,1
HET-INDEL:6-45bp,59,1
HET-INDEL:6-45bp,60,1
HET-INDEL:6-45bp,61,1
HET-INDEL:6-45bp,62,1
HET-INDEL:6-45bp,63,1
HET-INDEL:6-45bp,64,1
HET-INDEL:6-45bp,65,1
HET-INDEL:6-45bp,66,1
HET-INDEL:6-45bp,67,1
HET-INDEL:6-45bp,68,1
HET-INDEL:6-45bp,69,1
HET-INDEL:6-45bp,70,1
HET-INDEL:6-45bp,71,1
HET-INDEL:6-45bp,72,1
HET-INDEL:6-45bp,73,1
HET-INDEL:6-45bp,74,1
HET-INDEL:6-45bp,75,1
HET-INDEL:6-45bp,76,1
HET-INDEL:6-45bp,77,1
HET-INDEL:6-45bp,78,1
HET-INDEL:6-45bp,79,1
HET-INDEL:6-45bp,80,1
HET-INDEL:6-45bp,81,1
HET-INDEL:6-45bp,82,1
HET-INDEL:6-45bp,83,1
HET-INDEL:6-45bp,84,1
HET-INDEL:6-45bp,85,1
HET-INDEL:6-45bp,86,1
HET-INDEL:6-45bp,87,1
HET-INDEL:6-45bp,88,1
HET-INDEL:6-45bp,89,1
HET-INDEL:6-45bp,90,1
HET-INDEL:6-45bp,91,1
HET-INDEL:6-45bp,92,1
HET-INDEL:6-45bp,93,1
HET-INDEL:6-45bp,94,1
HET-INDEL:6-45bp,95,1
HET-INDEL:6-45bp,96,1
HET-INDEL:6-45bp,97,1
HET-INDEL:6-45bp,98,1
HET-INDEL:6-45bp,99,1
HET-INDEL:6-45bp,100,1
HET-INDEL:6-45bp,101,1
HET-INDEL:6-45bp,102,1
HET-INDEL:6-45bp,103,1
HET-INDEL:6-45bp,104,1
HET-INDEL:6-45bp,105,1
HET-INDEL:6-45bp,106,1
HET-INDEL:6-45bp,107,1
HET-INDEL:6-45bp,108,1
HET-INDEL:6-45bp,109,1
HET-INDEL:6-45bp,110,1
HET-INDEL:6-45bp,111,1
HET-INDEL:6-45bp,112,1
HET-INDEL:6-45bp,113,1
HET-INDEL:6-45bp,114,1
HET-INDEL:6-45bp,115,1
HET-INDEL:6-45bp,116,1
HET-INDEL:6-45bp,117,1
HET-INDEL:6-45bp,118,1
HET-INDEL:6-45bp,119,1
HET-INDEL:6-45bp,120,1
HET-INDEL:6-45bp,121,1
HET-INDEL:6-45bp,122,1
HET-INDEL:6-45bp,123,1
HET-INDEL:6-45bp,124,1
HET-INDEL:6-45bp,125,1
HET-INDEL:6-45bp,126,1
HET-INDEL:6-45bp,127,1
HET-INDEL:6-45bp,128,1
HET-INDEL:6-45bp,129,1
HET-INDEL:6-45bp,130,1
HET-INDEL:6-45bp,131,1
HET-INDEL:6-45bp,132,1
HET-INDEL:6-45bp,133,1
HET-INDEL:6-45bp,134,1
HET-INDEL:6-45bp,135,1
HET-INDEL:6-45bp,136,1
HET-INDEL:6-45bp,137,1
HET-INDEL:6-45bp,138,1
HET-INDEL:6-45bp,139,1
HET-INDEL:6-45bp,140,1
HET-INDEL:6-45bp,141,1
HET-INDEL:6-45bp,142,1
HET-INDEL:6-45bp,143,1
HET-INDEL:6-45bp,144,1
HET-INDEL:6-45bp,145,1
HET-INDEL:6-45bp,146,1
HET-INDEL:6-45bp,147,1
HET-INDEL:6-45bp,148,1
HET-INDEL:6-45bp,149,1
HET-INDEL:6-45bp,150,1
HET-INDEL:6-45bp,151,1
HET-INDEL:6-45bp,152,1
HET-INDEL:6-45bp,153,1
HET-INDEL:6-45bp,154,1
HET-INDEL:6-45bp,155,1
HET-INDEL:6-45bp,156,1
HET-INDEL:6-45bp,157,1
HET-INDEL:6-45bp,158,1
HET-INDEL:6-45bp,159,1
HET-INDEL:6-45bp,160,1
HET-INDEL:6-45bp,161,1
HET-INDEL:6-45bp,162,1
HET-INDEL:6-45bp,163,1
HET-INDEL:6-45bp,164,1
HET-INDEL:6-45bp,165,1
HET-INDEL:6-45bp,166,1
HET-INDEL:6-45bp,167,1
HET-INDEL:6-45bp,168,1
HET-INDEL:6-45bp,169,1
HET-INDEL:6-45bp,170,1
HET-INDEL:6-45bp,171,1
HET-INDEL:6-45bp,172,1
HET-INDEL:6-45bp,173,1
HET-INDEL:6-45bp,174,1
HET-INDEL:6-45bp,175,1
HET-INDEL:6-45bp,176,1
HET-INDEL:6-45bp,177,1
HET-INDEL:6-45bp,178,1
HET-INDEL:6-45bp,179,1
HET-INDEL:6-45bp,180,1
HET-INDEL:6-45bp,181,1
HET-INDEL:6-45bp,182,1
HET-INDEL:6-45bp,183,1
HET-INDEL:6-45bp,184,1
HET-INDEL:6-45bp,185,1
HET-INDEL:6-45bp,186,1
HET-INDEL:6-45bp,187,1
HET-INDEL:6-45bp,188,1
HET-INDEL:6-45bp,189,1
HET-INDEL:6-45bp,190,1
HET-INDEL:6-45bp,191,1
HET-INDEL:6-45bp,192,1
HET-INDEL:6-45bp,193,1
HET-INDEL:6-45bp,194,1
HET-INDEL:6-45bp,195,1
HET-INDEL:6-45bp,196,1
HET-INDEL:6-45bp,197,1
HET-INDEL:6-45bp,198,1
HET-INDEL:6-45bp,199,1
HET-INDEL:6-45bp,200,1
HET-INDEL:6-45bp,201,1
HET-INDEL:6-45bp,202,1
HET-INDEL:6-45bp,203,1
HET-INDEL:6-45bp,204,1
HET-INDEL:6-45bp,205,1
HET-INDEL:6-45bp,206,1
HET-INDEL:6-45bp,207,1
HET-INDEL:6-45bp,208,1
HET-INDEL:6-45bp,209,1
HET-INDEL:6-45bp,210,1
HET-INDEL:6-45bp,211,1
HET-INDEL:6-45bp,212,1
HET-INDEL:6-45bp,213,1
HET-INDEL:6-45bp,214,1
HET-INDEL:6-45bp,215,1
HET-INDEL:6-45bp,216,1
HET-INDEL:6-45bp,217,1
HET-INDEL:6-45bp,218,1
HET-INDEL:6-45bp,219,1
HET-INDEL:6-45bp,220,1
HET-INDEL:6-45bp,221,1
HET-INDEL:6-45bp,222,1
HET-INDEL:6-45bp,223,1
HET-INDEL:6-45bp,224,1
HET-INDEL:6-45bp,225,1
HET-INDEL:6-45bp,226,1
HET-INDEL:6-45bp,227,1
HET-INDEL:6-45bp,228,1
HET-INDEL:6-45bp,229,1
HET-INDEL:6-45bp,230,1
HET-INDEL:6-45bp,231,1
HET-INDEL:6-45bp,232,1
HET-INDEL:6-45bp,233,1
HET-INDEL:6-45bp,234,1
HET-INDEL:6-45bp,235,1
HET-INDEL:6-45bp,236,1
HET-INDEL:6-45bp,237,1
HET-INDEL:6-45bp,238,1
HET-INDEL:6-45bp,239,1
HET-INDEL:6-45bp,240,1
HET-INDEL:6-45bp,241,1
HET-INDEL:6-45bp,242,1
HET-INDEL:6-45bp,243,1
HET-INDEL:6-45bp,244,1
HET-INDEL:6-45bp,245,1
HET-INDEL:6-45bp,246,1
HET-INDEL:6-45bp,247,1
HET-INDEL:6-45bp,248,1
HET-INDEL:6-45bp,249,1
HET-INDEL:6-45bp,250,1
HET-INDEL:6-45bp,251,1
HET-INDEL:6-45bp,252,1
HET-INDEL:6-45bp,253,1
HET-INDEL:6-45bp,254,1
HET-INDEL:6-45bp,255,1
HET-INDEL:6-45bp,256,1
HET-INDEL:6-45bp,257,1
HET-INDEL:6-45bp,258,1
HET-INDEL:6-45bp,259,1
HET-INDEL:6-45bp,260,1
HET-INDEL:6-45bp,261,1
HET-INDEL:6-45bp,262,1
HET-INDEL:6-45bp,263,1
HET-INDEL:6-45bp,264,1
HET-INDEL:6-45bp,265,1
HET-INDEL:6-45bp,266,1
HET-INDEL:6-45bp,267,1
HET-INDEL:6-45bp,268,1
HET-INDEL:6-45bp,269,1
HET-INDEL:6-45bp,270,1
HET-INDEL:6-45bp,271,1
HET-INDEL:6-45bp,272,1
HET-INDEL:6-45bp,273,1
HET-INDEL:6-45bp,274,1
HET-INDEL:6-45bp,275,1
HET-INDEL:6-45bp,276,1
HET-INDEL:6-45bp,277,1
HET-INDEL:6-45bp,278,1
HET-INDEL:6-45bp,279,1
HET-INDEL:6-45bp,280,1
HET-INDEL:6-45bp,281,1
HET-INDEL:6-45bp,282,1
HET-INDEL:6-45bp,283,1
HET-INDEL:6-45bp,284,1
HET-INDEL:6-45bp,285,1
HET-INDEL:6-45bp,286,1
HET-INDEL:6-45bp,287,1
HET-INDEL:6-45bp,288,1
HET-INDEL:6-45bp,289,1
HET-INDEL:6-45bp,290,1
HET-INDEL:6-45bp,291,1
HET-INDEL:6-45bp,292,1
HET-INDEL:6-45bp,293,1
HET-INDEL:6-45bp,294,1
HET-INDEL:6-45bp,295,1
HET-INDEL:6-45bp,296,1
HET-INDEL:6-45bp,297,1
HET-INDEL:6-45bp,298,1
HET-INDEL:6-45bp,299,1
HET-INDEL:6-45bp,300,1
HET-INDEL:6-45bp,301,1
HET-INDEL:6-45bp,302,1
HET-INDEL:6-45bp,303,1
HET-INDEL:6-45bp,304,1
HET-INDEL:6-45bp,305,1
HET-INDEL:6-45bp,306,1
HET-INDEL:6-45bp,307,1
HET-INDEL:6-45bp,308,1
HET-INDEL:6-45bp,309,1
HET-INDEL:6-45bp,310,1
HET-INDEL:6-45bp,311,1
HET-INDEL:6-45bp,312,1
HET-INDEL:6-45bp,313,1
HET-INDEL:6-45bp,314,1
HET-INDEL:6-45bp,315,1
HET-INDEL:6-45bp,316,1
HET-INDEL:6-45bp,317,1
HET-INDEL:6-45bp,318,1
HET-INDEL:6-45bp,319,1
HET-INDEL:6-45bp,320,1
HET-INDEL:6-45bp,321,1
HET-INDEL:6-45bp,322,1
HET-INDEL:6-45bp,323,1
HET-INDEL:6-45bp,324,1
HET-INDEL:6-45bp,325,1
HET-INDEL:6-45bp,326,1
HET-INDEL:6-45bp,327,1
HET-INDEL:6-45bp,328,1
HET-INDEL:6-45bp,329,1
HET-INDEL:6-45bp,330,1
HET-INDEL:6-45bp,331,1
HET-INDEL:6-45bp,332,1
HET-INDEL:6-45bp,333,1
HET-INDEL:6-45bp,334,1
HET-INDEL:6-45bp,335,1
HET-INDEL:6-45bp,336,1
HET-INDEL:6-45bp,337,1
HET-INDEL:6-45bp,338,1
HET-INDEL:6-45bp,339,1
HET-INDEL:6-45bp,340,1
HET-INDEL:6-45bp,341,1
HET-INDEL:6-45bp,342,1
HET-INDEL:6-45bp,343,1
HET-INDEL:6-45bp,344,1
HET-INDEL:6-45bp,345,1
HET-INDEL:6-45bp,346,1
HET-INDEL:6-45bp,347,1
HET-INDEL:6-45bp,348,1
HET-INDEL:6-45bp,349,1
HET-INDEL:6-45bp,350,1
HET-INDEL:6-45bp,351,1
HET-INDEL:6-45bp,352,1
HET-INDEL:6-45bp,353,1
HET-INDEL:6-45bp,354,1
HET-INDEL:6-45bp,355,1
HET-INDEL:6-45bp,356,1
HET-INDEL:6-45bp,357,1
HET-INDEL:6-45bp,358,1
HET-INDEL:6-45bp,359,1
HET-INDEL:6-45bp,360,1
HET-INDEL:6-45bp,361,1
HET-INDEL:6-45bp,362,1
HET-INDEL:6-45bp,363,1
HET-INDEL:6-45bp,364,1
HET-INDEL:6-45bp,365,1
HET-INDEL:6-45bp,366,1
HET-INDEL:6-45bp,367,1
HET-INDEL:6-45bp,368,1
HET-INDEL:6-45bp,369,1
HET-INDEL:6-45bp,370,1
HET-INDEL:6-45bp,371,1
HET-INDEL:6-45bp,372,1
HET-INDEL:6-45bp,373,1
HET-INDEL:6-45bp,374,1
HET-INDEL:6-45bp,375,1
HET-INDEL:6-45bp,376,1
HET-INDEL:6-45bp,377,1
HET-INDEL:6-45bp,378,1
HET-INDEL:6-45bp,379,1
HET-INDEL:6-45bp,380,1
HET-INDEL:6-45bp,381,1
HET-INDEL:6-45bp,382,1
HET-INDEL:6-45bp,383,1
HET-INDEL:6-45bp,384,1
HET-INDEL:6-45bp,385,1
HET-INDEL:6-45bp,386,1
HET-INDEL:6-45bp,387,1
HET-INDEL:6-45bp,388,1
HET-INDEL:6-45bp,389,1
HET-INDEL:6-45bp,390,1
HET-INDEL:6-45bp,391,1
HET-INDEL:6-45bp,392,1
HET-INDEL:6-45bp,393,1
HET-INDEL:6-45bp,394,1
HET-INDEL:6-45bp,395,1
HET-INDEL:6-45bp,396,1
HET-INDEL:6-45bp,397,1
HET-INDEL:6-45bp,398,1
HET-INDEL:6-45bp,399,1
HET-INDEL:6-45bp,400,1
HET-INDEL:6-45bp,401,1
HET-INDEL:6-45bp,402,1
HET-INDEL:6-45bp,403,1
HET-INDEL:6-45bp,404,1
HET-INDEL:6-45bp,405,1
HET-INDEL:6-45bp,406,1
HET-INDEL:6-45bp,407,1
HET-INDEL:6-45bp,408,1
HET-INDEL:6-45bp,409,1
HET-INDEL:6-45bp,410,1
HET-INDEL:6-45bp,411,1
HET-INDEL:6-45bp,412,1
HET-INDEL:6-45bp,413,1
HET-INDEL:6-45bp,414,1
HET-INDEL:6-45bp,415,1
HET-INDEL:6-45bp,416,1
HET-INDEL:6-45bp,417,1
HET-INDEL:6-45bp,418,1
HET-INDEL:6-45bp,419,1
HET-INDEL:6-45bp,420,1
HET-INDEL:6-45bp,421,1
HET-INDEL:6-45bp,422,1
HET-INDEL:6-45bp,423,1
HET-INDEL:6-45bp,424,1
HET-INDEL:6-45bp,425,1
HET-INDEL:6-45bp,426,1
HET-INDEL:6-45bp,427,1
HET-INDEL:6-45bp,428,1
HET-INDEL:6-45bp,429,1
HET-INDEL:6-45bp,430,1
HET-INDEL:6-45bp,431,1
HET-INDEL:6-45bp,432,1
HET-INDEL:6-45bp,433,1
HET-INDEL:6-45bp,434,1
HET-INDEL:6-45bp,435,1
HET-INDEL:6-45bp,436,1
HET-INDEL:6-45bp,437,1
HET-INDEL:6-45bp,438,1
HET-INDEL:6-45bp,439,1
HET-INDEL:6-45bp,440,1
HET-INDEL:6-45bp,441,1
HET-INDEL:6-45bp,442,1
HET-INDEL:6-45bp,443,1
HET-INDEL:6-45bp,444,1
HET-INDEL:6-45bp,445,1
HET-INDEL:6-45bp,446,1
HET-INDEL:6-45bp,447,1
HET-INDEL:6-45bp,448,1
HET-INDEL:6-45bp,449,1
HET-INDEL:6-45bp,450,1
HET-INDEL:6-45bp,451,1
HET-INDEL:6-45bp,452,1
HET-INDEL:6-45bp,453,1
HET-INDEL:6-45bp,454,1
HET-INDEL:6-45bp,455,1
HET-INDEL:6-45bp,456,1
HET-INDEL:6-45bp,457,1
HET-INDEL:6-45bp,458,1
HET-INDEL:6-45bp,459,1
HET-INDEL:6-45bp,460,1
HET-INDEL:6-45bp,461,1
HET-INDEL:6-45bp,462,1
HET-INDEL:6-45bp,463,1
HET-INDEL:6-45bp,464,1
HET-INDEL:6-45bp,465,1
HET-INDEL:6-45bp,466,1
HET-INDEL:6-45bp,467,1
HET-INDEL:6-45bp,468,1
HET-INDEL:6-45bp,469,1
HET-INDEL:6-45bp,470,1
HET-INDEL:6-45bp,471,1
HET-INDEL:6-45bp,472,1
HET-INDEL:6-45bp,473,1
HET-INDEL:6-45bp,474,1
HET-INDEL:6-45bp,475,1
HET-INDEL:6-45bp,476,1
HET-INDEL:6-45bp,477,1
HET-INDEL:6-45bp,478,1
HET-INDEL:6-45bp,479,1
HET-INDEL:6-45bp,480,1
HET-INDEL:6-45bp,481,1
HET-INDEL:6-45bp,482,1
HET-INDEL:6-45bp,483,1
HET-INDEL:6-45bp,484,1
HET-INDEL:6-45bp,485,1
HET-INDEL:6-45bp,486,1
HET-INDEL:6-45bp,487,1
HET-INDEL:6-45bp,488,1
HET-INDEL:6-45bp,489,1
HET-INDEL:6-45bp,490,1
HET-INDEL:6-45bp,491,1
HET-INDEL:6-45bp,492,1
HET-INDEL:6-45bp,493,1
HET-INDEL:6-45bp,494,1
HET-INDEL:6-45bp,495,1
HET-INDEL:6-45bp,496,1
HET-INDEL:6-45bp,497,1
HET-INDEL:6-45bp,498,1
HET-INDEL:6-45bp,499,1
HET-INDEL:6-45bp,500,1
HET-INDEL:6-45bp,501,1
HET-INDEL:6-45bp,502,1
HET-INDEL:6-45bp,503,1
HET-INDEL:6-45bp,504,1
HET-INDEL:6-45bp,505,1
HET-INDEL:6-45bp,506,1
HET-INDEL:6-45bp,507,1
HET-INDEL:6-45bp,508,1
HET-INDEL:6-45bp,509,1
HET-INDEL:6-45bp,510,1
HET-INDEL:6-45bp,511,1
HET-INDEL:6-45bp,512,1
HET-INDEL:6-45bp,513,1
HET-INDEL:6-45bp,514,1
HET-INDEL:6-45bp,515,1
HET-INDEL:6-45bp,516,1
HET-INDEL:6-45bp,517,1
HET-INDEL:6-45bp,518,1
HET-INDEL:6-45bp,519,1
HET-INDEL:6-45bp,520,1
HET-INDEL:6-45bp,521,1
HET-INDEL:6-45bp,522,1
HET-INDEL:6-45bp,523,1
HET-INDEL:6-45bp,524,1
HET-INDEL:6-45bp,525,1
HET-INDEL:6-45bp,526,1
HET-INDEL:6-45bp,527,1
HET-INDEL:6-45bp,528,1
HET-INDEL:6-45bp,529,1
HET-INDEL:6-45bp,530,1
HET-INDEL:6-45bp,531,1
HET-INDEL:6-45bp,532,1
HET-INDEL:6-45bp,533,1
HET-INDEL:6-45bp,534,1
HET-INDEL:6-45bp,535,1
HET-INDEL:6-45bp,536,1
HET-INDEL:6-45bp,537,1
HET-INDEL:6-45bp,538,1
HET-INDEL:6-45bp,539,1
HET-INDEL:6-45bp,540,1
HET-INDEL:6-45bp,541,1
HET-INDEL:6-45bp,542,1
HET-INDEL:6-45bp,543,1
HET-INDEL:6-45bp,544,1
HET-INDEL:6-45bp,545,1
HET-INDEL:6-45bp,546,1
HET-INDEL:6-45bp,547,1
HET-INDEL:6-45bp,548,1
HET-INDEL:6-45bp,549,1
HET-INDEL:6-45bp,550,1
HET-INDEL:6-45bp,551,1
HET-INDEL:6-45bp,552,1
HET-INDEL:6-45bp,553,1
HET-INDEL:6-45bp,554,1
HET-INDEL:6-45bp,555,1
HET-INDEL:6-45bp,556,1
HET-INDEL:6-45bp,557,1
HET-INDEL:6-45bp,558,1
HET-INDEL:6-45bp,559,1
HET-INDEL:6-45bp,560,1
HET-INDEL:6-45bp,561,1
HET-INDEL:6-45bp,562,1
HET-INDEL:6-45bp,563,1
HET-INDEL:6-45bp,564,1
HET-INDEL:6-45bp,565,1
HET-INDEL:6-45bp,566,1
HET-INDEL:6-45bp,567,1
HET-INDEL:6-45bp,568,1
HET-INDEL:6-45bp,569,1
HET-INDEL:6-45bp,570,1
HET-INDEL:6-45bp,571,1
HET-INDEL:6-45bp,572,1
HET-INDEL:6-45bp,573,1
HET-INDEL:6-45bp,574,1
HET-INDEL:6-45bp,575,1
HET-INDEL:6-45bp,576,1
HET-INDEL:6-45bp,577,1
HET-INDEL:6-45bp,578,1
HET-INDEL:6-45bp,579,1
HET-INDEL:6-45bp,580,1
HET-INDEL:6-45bp,581,1
HET-INDEL:6-45bp,582,1
HET-INDEL:6-45bp,583,1
HET-INDEL:6-45bp,584,1
HET-INDEL:6-45bp,585,1
HET-INDEL:6-45bp,586,1
HET-INDEL:6-45bp,587,1
HET-INDEL:6-45bp,588,1
HET-INDEL:6-45bp,589,1
HET-INDEL:6-45bp,590,1
HET-INDEL:6-45bp,591,1
HET-INDEL:6-45bp,592,1
HET-INDEL:6-45bp,593,1
HET-INDEL:6-45bp,594,1
HET-INDEL:6-45bp,595,1
HET-INDEL:6-45bp,596,1
HET-INDEL:6-45bp,597,1
HET-INDEL:6-45bp,598,1
HET-INDEL:6-45bp,599,1
HET-INDEL:6-45bp,600,1
HET-INDEL:6-45bp,601,1
HET-INDEL:6-45bp,602,1
HET-INDEL:6-45bp,603,1
HET-INDEL:6-45bp,604,1
HET-INDEL:6-45bp,605,1
HET-INDEL:6-45bp,606,1
HET-INDEL:6-45bp,607,1
HET-INDEL:6-45bp,608,1
HET-INDEL:6-45bp,609,1
HET-INDEL:6-45bp,610,1
HET-INDEL:6-45bp,611,1
HET-INDEL:6-45bp,612,1
HET-INDEL:6-45bp,613,1
HET-INDEL:6-45bp,614,1
HET-INDEL:6-45bp,615,1
HET-INDEL:6-45bp,616,1
HET-INDEL:6-45bp,617,1
HET-INDEL:6-45bp,618,1
HET-INDEL:6-45bp,619,1
HET-INDEL:6-45bp,620,1
HET-INDEL:6-45bp,621,1
HET-INDEL:6-45bp,622,1
HET-INDEL:6-45bp,623,1
HET-INDEL:6-45bp,624,1
HET-INDEL:6-45bp,625,1
HET-INDEL:6-45bp,626,1
HET-INDEL:6-45bp,627,1
HET-INDEL:6-45bp,628,1
HET-INDEL:6-45bp,629,1
HET-INDEL:6-45bp,630,1
HET-INDEL:6-45bp,631,1
HET-INDEL:6-45bp,632,1
HET-INDEL:6-45bp,633,1
HET-INDEL:6-45bp,634,1
HET-INDEL:6-45bp,635,1
HET-INDEL:6-45bp,636,1
HET-INDEL:6-45bp,637,1
HET-INDEL:6-45bp,638,1
HET-INDEL:6-45bp,639,1
HET-INDEL:6-45bp,640,1
HET-INDEL:6-45bp,641,1
HET-INDEL:6-45bp,642,1
HET-INDEL:6-45bp,643,1
HET-INDEL:6-45bp,644,1
HET-INDEL:6-45bp,645,1
HET-INDEL:6-45bp,646,1
HET-INDEL:6-45bp,647,1
HET-INDEL:6-45bp,648,1
HET-INDEL:6-45bp,649,1
HET-INDEL:6-45bp,650,1
HET-INDEL:6-45bp,651,1
HET-INDEL:6-45bp,652,1
HET-INDEL:6-45bp,653,1
HET-INDEL:6-45bp,654,1
HET-INDEL:6-45bp,655,1
HET-INDEL:6-45bp,656,1
HET-INDEL:6-45bp,657,1
HET-INDEL:6-45bp,658,1
HET-INDEL:6-45bp,659,1
HET-INDEL:6-45bp,660,1
HET-INDEL:6-45bp,661,1
HET-INDEL:6-45bp,662,1
HET-INDEL:6-45bp,663,1
HET-INDEL:6-45bp,664,1
HET-INDEL:6-45bp,665,1
HET-INDEL:6-45bp,666,1
HET-INDEL:6-45bp,667,1
HET-INDEL:6-45bp,668,1
HET-INDEL:6-45bp,669,1
HET-INDEL:6-45bp,670,1
HET-INDEL:6-45bp,671,1
HET-INDEL:6-45bp,672,1
HET-INDEL:6-45bp,673,1
HET-INDEL:6-45bp,674,1
HET-INDEL:6-45bp,675,1
HET-INDEL:6-45bp,676,1
HET-INDEL:6-45bp,677,1
HET-INDEL:6-45bp,678,1
HET-INDEL:6-45bp,679,1
HET-INDEL:6-45bp,680,1
HET-INDEL:6-45bp,681,1
HET-INDEL:6-45bp,682,1
HET-INDEL:6-45bp,683,1
HET-INDEL:6-45bp,684,1
HET-INDEL:6-45bp,685,1
HET-INDEL:6-45bp,686,1
HET-INDEL:6-45bp,687,1
HET-INDEL:6-45bp,688,1
HET-INDEL:6-45bp,689,1
HET-INDEL:6-45bp,690,1
HET-INDEL:6-45bp,691,1
HET-INDEL:6-45bp,692,1
HET-INDEL:6-45bp,693,1
HET-INDEL:6-45bp,694,1
HET-INDEL:6-45bp,695,1
HET-INDEL:6-45bp,696,1
HET-INDEL:6-45bp,697,1
HET-INDEL:6-45bp,698,1
HET-INDEL:6-45bp,699,1
HET-INDEL:6-45bp,700,1
HET-INDEL:6-45bp,701,1
HET-INDEL:6-45bp,702,1
HET-INDEL:6-45bp,703,1
HET-INDEL:6-45bp,704,1
HET-INDEL:6-45bp,705,1
HET-INDEL:6-45bp,706,1
HET-INDEL:6-45bp,707,1
HET-INDEL:6-45bp,708,1
HET-INDEL:6-45bp,709,1
HET-INDEL:6-45bp,710,1
HET-INDEL:6-45bp,711,1
HET-INDEL:6-45bp,712,1
HET-INDEL:6-45bp,713,1
HET-INDEL:6-45bp,714,1
HET-INDEL:6-45bp,715,1
HET-INDEL:6-45bp,716,1
HET-INDEL:6-45bp,717,1
HET-INDEL:6-45bp,718,1
HET-INDEL:6-45bp,719,1
HET-INDEL:6-45bp,720,1
HET-INDEL:6-45bp,721,1
HET-INDEL:6-45bp,722,1
HET-INDEL:6-45bp,723,1
HET-INDEL:6-45bp,724,1
HET-INDEL:6-45bp,725,1
HET-INDEL:6-45bp,726,1
HET-INDEL:6-45bp,727,1
HET-INDEL:6-45bp,728,1
HET-INDEL:6-45bp,729,1
HET-INDEL:6-45bp,730,1
HET-INDEL:6-45bp,731,1
HET-INDEL:6-45bp,732,1
HET-INDEL:6-45bp,733,1
HET-INDEL:6-45bp,734,1
HET-INDEL:6-45bp,735,1
HET-INDEL:6-45bp,736,1
HET-INDEL:6-45bp,737,1
HET-INDEL:6-45bp,738,1
HET-INDEL:6-45bp,739,1
HET-INDEL:6-45bp,740,1
HET-INDEL:6-45bp,741,1
HET-INDEL:6-45bp,742,1
HET-INDEL:6-45bp,743,1
HET-INDEL:6-45bp,744,1
HET-INDEL:6-45bp,745,1
HET-INDEL:6-45bp,746,1
HET-INDEL:6-45bp,747,1
HET-INDEL:6-45bp,748,1
HET-INDEL:6-45bp,749,1
HET-INDEL:6-45bp,750,1
HET-INDEL:6-45bp,751,1
HET-INDEL:6-45bp,752,1
HET-INDEL:6-45bp,753,1
HET-INDEL:6-45bp,754,1
HET-INDEL:6-45bp,755,1
HET-INDEL:6-45bp,756,1
HET-INDEL:6-45bp,757,1
HET-INDEL:6-45bp,758,1
HET-INDEL:6-45bp,759,1
HET-INDEL:6-45bp,760,1
HET-INDEL:6-45bp,761,1
HET-INDEL:6-45bp,762,1
HET-INDEL:6-45bp,763,1
HET-INDEL:6-45bp,764,1
HET-INDEL:6-45bp,765,1
HET-INDEL:6-45bp,766,1
HET-INDEL:6-45bp,767,1
HET-INDEL:6-45bp,768,1
HET-INDEL:6-45bp,769,1
HET-INDEL:6-45bp,770,1
HET-INDEL:6-45bp,771,1
HET-INDEL:6-45bp,772,1
HET-INDEL:6-45bp,773,1
HET-INDEL:6-45bp,774,1
HET-INDEL:6-45bp,775,1
HET-INDEL:6-45bp,776,1
HET-INDEL:6-45bp,777,1
HET-INDEL:6-45bp,778,1
HET-INDEL:6-45bp,779,1
HET-INDEL:6-45bp,780,1
HET-INDEL:6-45bp,781,1
HET-INDEL:6-45bp,782,1
HET-INDEL:6-45bp,783,1
HET-INDEL:6-45bp,784,1
HET-INDEL:6-45bp,785,1
HET-INDEL:6-45bp,786,1
HET-INDEL:6-45bp,787,1
HET-INDEL:6-45bp,788,1
HET-INDEL:6-45bp,789,1
HET-INDEL:6-45bp,790,1
HET-INDEL:6-45bp,791,1
HET-INDEL:6-45bp,792,1
HET-INDEL:6-45bp,793,1
HET-INDEL:6-45bp,794,1
HET-INDEL:6-45bp,795,1
HET-INDEL:6-45bp,796,1
HET-INDEL:6-45bp,797,1
HET-INDEL:6-45bp,798,1
HET-INDEL:6-45bp,799,1
HET-INDEL:6-45bp,800,1
HET-INDEL:6-45bp,801,1
HET-INDEL:6-45bp,802,1
HET-INDEL:6-45bp,803,1
HET-INDEL:6-45bp,804,1
HET-INDEL:6-45bp,805,1
HET-INDEL:6-45bp,806,1
HET-INDEL:6-45bp,807,1
HET-INDEL:6-45bp,808,1
HET-INDEL:6-45bp,809,1
HET-INDEL:6-45bp,810,1
HET-INDEL:6-45bp,811,1
HET-INDEL:6-45bp,812,1
HET-INDEL:6-45bp,813,1
HET-INDEL:6-45bp,814,1
HET-INDEL:6-45bp,815,1
HET-INDEL:6-45bp,816,1
HET-INDEL:6-45bp,817,1
HET-INDEL:6-45bp,818,1
HET-INDEL:6-45bp,819,1
HET-INDEL:6-45bp,820,1
HET-INDEL:6-45bp,821,1
HET-INDEL:6-45bp,822,1
HET-INDEL:6-45bp,823,1
HET-INDEL:6-45bp,824,1
HET-INDEL:6-45bp,825,1
HET-INDEL:6-45bp,826,1
HET-INDEL:6-45bp,827,1
HET-INDEL:6-45bp,828,1
HET-INDEL:6-45bp,829,1
HET-INDEL:6-45bp,830,1
HET-INDEL:6-45bp,831,1
HET-INDEL:6-45bp,832,1
HET-INDEL:6-45bp,833,1
HET-INDEL:6-45bp,834,1
HET-INDEL:6-45bp,835,1
HET-INDEL:6-45bp,836,1
HET-INDEL:6-45bp,837,1
HET-INDEL:6-45bp,838,1
HET-INDEL:6-45bp,839,1
HET-INDEL:6-45bp,840,1
HET-INDEL:6-45bp,841,1
HET-INDEL:6-45bp,842,1
HET-INDEL:6-45bp,843,1
HET-INDEL:6-45bp,844,1
HET-INDEL:6-45bp,845,1
HET-INDEL:6-45bp,846,1
HET-INDEL:6-45bp,847,1
HET-INDEL:6-45bp,848,1
HET-INDEL:6-45bp,849,1
HET-INDEL:6-45bp,850,1
HET-INDEL:6-45bp,851,1
HET-INDEL:6-45bp,852,1
HET-INDEL:6-45bp,853,1
HET-INDEL:6-45bp,854,1
HET-INDEL:6-45bp,855,1
HET-INDEL:6-45bp,856,1
HET-INDEL:6-45bp,857,1
HET-INDEL:6-45bp,858,1
HET-INDEL:6-45bp,859,1
HET-INDEL:6-45bp,860,1
HET-INDEL:6-45bp,861,1
HET-INDEL:6-45bp,862,1
HET-INDEL:6-45bp,863,1
HET-INDEL:6-45bp,864,1
HET-INDEL:6-45bp,865,1
HET-INDEL:6-45bp,866,1
HET-INDEL:6-45bp,867,1
HET-INDEL:6-45bp,868,1
HET-INDEL:6-45bp,869,1
HET-INDEL:6-45bp,870,1
HET-INDEL:6-45bp,871,1
HET-INDEL:6-45bp,872,1
HET-INDEL:6-45bp,873,1
HET-INDEL:6-45bp,874,1
HET-INDEL:6-45bp,875,1
HET-INDEL:6-45bp,876,1
HET-INDEL:6-45bp,877,1
HET-INDEL:6-45bp,878,1
HET-INDEL:6-45bp,879,1
HET-INDEL:6-45bp,880,1
HET-INDEL:6-45bp,881,1
HET-INDEL:6-45bp,882,1
HET-INDEL:6-45bp,883,1
HET-INDEL:6-45bp,884,1
HET-INDEL:6-45bp,885,1
HET-INDEL:6-45bp,886,1
HET-INDEL:6-45bp,887,1
HET-INDEL:6-45bp,888,1
HET-INDEL:6-45bp,889,1
HET-INDEL:6-45bp,890,1
HET-INDEL:6-45bp,891,1
HET-INDEL:6-45bp,892,1
HET-INDEL:6-45bp,893,1
HET-INDEL:6-45bp,894,1
HET-INDEL:6-45bp,895,1
HET-INDEL:6-45bp,896,1
HET-INDEL:6-45bp,897,1
HET-INDEL:6-45bp,898,1
HET-INDEL:6-45bp,899,1
HET-INDEL:6-45bp,900,1
HET-INDEL:6-45bp,901,1
HET-INDEL:6-45bp,902,1
HET-INDEL:6-45bp,903,1
HET-INDEL:6-45bp,904,1
HET-INDEL:6-45bp,905,1
HET-INDEL:6-45bp,906,1
HET-INDEL:6-45bp,907,1
HET-INDEL:6-45bp,908,1
HET-INDEL:6-45bp,909,1
HET-INDEL:6-45bp,910,1
HET-INDEL:6-45bp,911,1
HET-INDEL:6-45bp,912,1
HET-INDEL:6-45bp,913,1
HET-INDEL:6-45bp,914,1
HET-INDEL:6-45bp,915,1
HET-INDEL:6-45bp,916,1
HET-INDEL:6-45bp,917,1
HET-INDEL:6-45bp,918,1
HET-INDEL:6-45bp,919,1
HET-INDEL:6-45bp,920,1
HET-INDEL:6-45bp,921,1
HET-INDEL:6-45bp,922,1
HET-INDEL:6-45bp,923,1
HET-INDEL:6-45bp,924,1
HET-INDEL:6-45bp,925,1
HET-INDEL:6-45bp,926,1
HET-INDEL:6-45bp,927,1
HET-INDEL:6-45bp,928,1
HET-INDEL:6-45bp,929,1
HET-INDEL:6-45bp,930,1
HET-INDEL:6-45bp,931,1
HET-INDEL:6-45bp,932,1
HET-INDEL:6-45bp,933,1
HET-INDEL:6-45bp,934,1
HET-INDEL:6-45bp,935,1
HET-INDEL:6-45bp,936,1
HET-INDEL:6-45bp,937,1
HET-INDEL:6-45bp,938,1
HET-INDEL:6-45bp,939,1
HET-INDEL:6-45bp,940,1
HET-INDEL:6-45bp,941,1
HET-INDEL:6-45bp,942,1
HET-INDEL:6-45bp,943,1
HET-INDEL:6-45bp,944,1
HET-INDEL:6-45bp,945,1
HET-INDEL:6-45bp,946,1
HET-INDEL:6-45bp,947,1
HET-INDEL:6-45bp,948,1
HET-INDEL:6-45bp,949,1
HET-INDEL:6-45bp,950,1
HET-INDEL:6-45bp,951,1
HET-INDEL:6-45bp,952,1
HET-INDEL:6-45bp,953,1
HET-INDEL:6-45bp,954,1
HET-INDEL:6-45bp,955,1
HET-INDEL:6-45bp,956,1
HET-INDEL:6-45bp,957,1
HET-INDEL:6-45bp,958,1
HET-INDEL:6-45bp,959,1
HET-INDEL:6-45bp,960,1
HET-INDEL:6-45bp,961,1
HET-INDEL:6-45bp,962,1
HET-INDEL:6-45bp,963,1
HET-INDEL:6-45bp,964,1
HET-INDEL:6-45bp,965,1
HET-INDEL:6-45bp,966,1
HET-INDEL:6-45bp,967,1
HET-INDEL:6-45bp,968,1
HET-INDEL:6-45bp,969,1
HET-INDEL:6-45bp,970,1
HET-INDEL:6-45bp,971,1
HET-INDEL:6-45bp,972,1
HET-INDEL:6-45bp,973,1
HET-INDEL:6-45bp,974,1
HET-INDEL:6-45bp,975,1
HET-INDEL:6-45bp,976,1
HET-INDEL:6-45bp,977,1
HET-INDEL:6-45bp,978,1
HET-INDEL:6-45bp,979,1
HET-INDEL:6-45bp,980,1
HET-INDEL:6-45bp,981,1
HET-INDEL:6-45bp,982,1
HET-INDEL:6-45bp,983,1
HET-INDEL:6-45bp,984,1
HET-INDEL:6-45bp,985,1
HET-INDEL:6-45bp,986,1
HET-INDEL:6-45bp,987,1
HET-INDEL:6-45bp,988,1
HET-INDEL:6-45bp,989,1
HET-INDEL:6-45bp,990,1
HET-INDEL:6-45bp,991,1
HET-INDEL:6-45bp,992,1
HET-INDEL:6-45bp,993,1
HET-INDEL:6-45bp,994,1
HET-INDEL:6-45bp,995,1
HET-INDEL:6-45bp,996,1
HET-INDEL:6-45bp,997,1
HET-INDEL:6-45bp,998,1
HET-INDEL:6-45bp,999,1
